label,area,perimeter,eccentricity,solidity,equivalent_diameter,centroid-0,centroid-1,intensity_min,intensity_mean,intensity_max
1,120.0,47.31370849898476,0.8720272054524053,0.8888888888888888,12.360774464742066,3.1666666666666665,10.383333333333333,0.6837922930717468,0.7608405947685242,0.929772675037384
2,313.0,84.76345596729061,0.9478991004230072,0.9427710843373494,19.963065333312567,4.376996805111821,39.50479233226837,0.533173143863678,0.8605857491493225,1.0
3,3137.0,245.53300858899104,0.8443707374501686,0.9087485515643106,63.199307368310656,19.260121134842205,95.54638189352885,0.5927431583404541,0.9357454776763916,1.0
4,201.0,68.48528137423858,0.9721450222538225,0.9901477832512315,15.99753570059363,13.895522388059701,141.0,0.6597671508789062,0.932905912399292,0.9995071887969971
5,2751.0,263.43860018001266,0.8702102554818537,0.8865613922010958,59.18346042237166,17.073064340239913,182.19411123227917,0.6016139984130859,0.9064878225326538,0.9996919631958008
6,142.0,59.89949493661167,0.9611799048687834,0.8022598870056498,13.446189622059965,2.704225352112676,239.76760563380282,0.6878580451011658,0.928255558013916,1.0
7,856.0,131.1543289325507,0.8499139723106329,0.9234088457389428,33.01352829210018,9.27803738317757,277.5093457943925,0.6199716329574585,0.9334471225738525,0.9986447095870972
8,1955.0,271.4325035256027,0.9466076566666296,0.735515425131678,49.89171584499017,11.788746803069055,375.7386189258312,0.6131953597068787,0.8927186131477356,1.0
9,55.0,40.071067811865476,0.9869739526314737,0.873015873015873,8.368283871884005,6.4363636363636365,242.47272727272727,0.6882277131080627,0.9402126669883728,1.0
10,229.0,100.72792206135784,0.9939178604430867,0.9196787148594378,17.075475271404667,9.152838427947598,331.3231441048035,0.6528059840202332,0.9340319037437439,0.9991375803947449
11,55.0,39.07106781186547,0.9862643446168718,0.873015873015873,8.368283871884005,9.581818181818182,240.2,0.6601983904838562,0.8715311288833618,1.0
12,93.0,90.82842712474618,0.999049984433547,0.808695652173913,10.881694613449236,12.78494623655914,335.10752688172045,0.8019466400146484,0.9631521701812744,0.9992607831954956
13,139.0,96.48528137423857,0.9979116224819935,0.86875,13.303394180365686,15.359712230215827,337.54676258992805,0.6340787410736084,0.938943088054657,0.9993223547935486
14,280.0,70.66295090390227,0.31956138824296054,0.8722741433021807,18.881394877652593,15.460714285714285,17.464285714285715,0.6838538646697998,0.8211410641670227,1.0
15,93.0,90.82842712474618,0.9990952306914002,0.8157894736842105,10.881694613449236,17.93548387096774,340.03225806451616,0.6337091326713562,0.876165509223938,0.9993839859962463
16,25.0,22.82842712474619,0.9868466359132604,0.8620689655172413,5.641895835477563,20.0,25.0,0.7088646292686462,0.889666736125946,1.0
17,93.0,90.82842712474618,0.9991014698892141,0.808695652173913,10.881694613449236,20.0,342.0,0.691739022731781,0.8866791129112244,0.9991991519927979
18,93.0,90.82842712474618,0.9990952306914002,0.8157894736842105,10.881694613449236,22.06451612903226,343.96774193548384,0.691739022731781,0.8933389186859131,0.9991991519927979
19,139.0,96.48528137423857,0.9979116224819935,0.86875,13.303394180365686,24.640287769784173,346.45323741007195,0.6210805177688599,0.897485613822937,0.9994455575942993
20,48.0,39.65685424949238,0.990180080385957,0.8,7.817640190446719,27.25,204.41666666666666,0.7485985159873962,0.929098904132843,0.9988911747932434
21,93.0,90.82842712474618,0.999049984433547,0.808695652173913,10.881694613449236,27.21505376344086,348.89247311827955,0.691677451133728,0.9025833010673523,0.9993839859962463
22,10.0,8.82842712474619,0.6831300510639732,1.0,3.5682482323055424,28.5,0.8,0.7590710520744324,0.7593482732772827,0.7596254348754883
23,90.0,33.798989873223334,0.602233613039488,0.9574468085106383,10.704744696916627,28.355555555555554,11.877777777777778,0.684593141078949,0.8215542435646057,1.0
24,909.0,132.39087296526012,0.6672492600656043,0.8885630498533724,34.02021084832166,25.48954895489549,42.257425742574256,0.5280601382255554,0.8880031704902649,1.0
25,48.0,39.65685424949238,0.990180080385957,0.8,7.817640190446719,29.75,203.58333333333334,0.7489681243896484,0.948197066783905,0.9987063407897949
26,2776.0,245.39696961967,0.7829510109533465,0.825698988697204,59.45177016864016,45.07889048991355,338.50180115273776,0.6096839904785156,0.8935452103614807,0.9995071887969971
27,1054.0,148.12489168102786,0.6738649009868609,0.918918918918919,36.63324282875953,31.548387096774192,294.36717267552183,0.6146737933158875,0.9087963700294495,0.9988295435905457
28,72.0,30.384776310850235,0.7127506019371107,0.935064935064935,9.574614729634384,38.236111111111114,10.972222222222221,0.6592743396759033,0.7333356142044067,0.9557691216468811
29,41.0,38.82842712474619,0.9951317400369697,0.8367346938775511,7.225151993843567,38.90243902439025,41.048780487804876,0.7394813299179077,0.8436248302459717,0.9863241314888
30,1906.0,197.88225099390857,0.7456102399902824,0.8885780885780886,49.262506759859676,46.92077649527807,206.83840503672613,0.5604016780853271,0.9051637053489685,0.9996919631958008
31,1492.0,165.78174593052023,0.8019814339052785,0.943109987357775,43.585242924008845,32.91890080428954,245.1441018766756,0.6601983904838562,0.9206386804580688,1.0
32,20.0,15.414213562373096,0.9103928087251936,1.0,5.046265044040321,41.95,2.85,0.659459114074707,0.6954476237297058,0.7621511816978455
33,182.0,64.72792206135786,0.9548002133182917,0.8666666666666667,15.222667215103916,43.362637362637365,40.472527472527474,0.5680404305458069,0.888639509677887,1.0
34,75.0,53.07106781186547,0.992859073314766,0.8823529411764706,9.772050238058398,42.4,77.85333333333334,0.7814328670501709,0.9274424314498901,1.0
35,52.0,29.48528137423857,0.9356809512800949,0.8813559322033898,8.136857890256438,41.55769230769231,26.53846153846154,0.659459114074707,0.9002471566200256,1.0
36,451.0,105.42640687119285,0.9339595658994658,0.822992700729927,23.96311821686732,50.72505543237251,80.27716186252772,0.659459114074707,0.8749375939369202,1.0
37,102.0,40.384776310850235,0.7162912019379755,0.8869565217391304,11.396070970426017,44.970588235294116,19.686274509803923,0.5769728422164917,0.756440281867981,1.0
38,136.0,48.27817459305202,0.8867784665872116,0.9066666666666666,13.159049284959082,52.6985294117647,18.16176470588235,0.5770344138145447,0.8449699282646179,1.0
39,633.0,108.80508652763322,0.772732062323826,0.8877980364656382,28.38944578214513,51.11058451816746,383.38072669826227,0.540195882320404,0.8253997564315796,0.9984599351882935
40,28.0,18.82842712474619,0.8116048023550014,0.9032258064516129,5.970821321441846,54.42857142857143,1.6071428571428572,0.6613687872886658,0.675128161907196,0.7148401141166687
41,511.0,96.24873734152916,0.7310802302172723,0.8949211908931699,25.507359866510456,56.465753424657535,42.3385518590998,0.47230949997901917,0.8788033723831177,1.0
42,119.0,46.3492424049175,0.8614763927120738,0.8880597014925373,12.309163489997376,59.73109243697479,13.142857142857142,0.63734370470047,0.8114007711410522,1.0
43,266.0,65.698484809835,0.6061432287881194,0.9300699300699301,18.403307281560924,63.473684210526315,75.0187969924812,0.7223557233810425,0.910356879234314,1.0
44,301.0,73.55634918610404,0.8345972869085851,0.8826979472140762,19.576646877473273,61.29235880398671,61.29900332225914,0.5231319069862366,0.8731160163879395,1.0
45,1357.0,160.8528137423857,0.7600917600069187,0.952280701754386,41.56664603026825,62.983787767133386,285.27487103905673,0.6127025485038757,0.9163122773170471,0.9999383687973022
46,1053.0,145.43250352560273,0.7702580741518283,0.9220665499124343,36.61586050615398,60.01709401709402,257.32383665717,0.6487402319908142,0.9408918023109436,0.9996303915977478
47,15.0,11.414213562373096,0.4898979485566355,1.0,4.370193722368317,62.6,4.6,0.663894534111023,0.9169347882270813,0.9612517952919006
48,53.0,40.65685424949238,0.9892771847635382,0.7464788732394366,8.214724333230155,63.339622641509436,29.49056603773585,0.7686811089515686,0.9483546614646912,1.0
49,39.0,24.621320343559642,0.9242140433537168,0.9512195121951219,7.046725639945928,66.38461538461539,11.846153846153847,0.6641409397125244,0.7973264455795288,0.9621757864952087
50,91.0,46.03553390593274,0.9732543665870653,0.9381443298969072,10.764051215546116,67.18681318681318,32.73626373626374,0.7682498693466187,0.9162478446960449,1.0
51,57.0,29.520815280171306,0.5477812328540967,0.8142857142857143,8.51907589177983,63.824561403508774,172.10526315789474,0.6585966944694519,0.7799241542816162,0.956754744052887
52,153.0,82.48528137423857,0.9950018297566755,0.9935064935064936,13.957279475043833,67.55555555555556,208.12418300653596,0.7477360963821411,0.9551495313644409,0.9993839859962463
53,15.0,12.82842712474619,0.9561404518532293,0.8333333333333334,4.370193722368317,68.0,172.53333333333333,0.5977945923805237,0.8854309320449829,0.99956876039505
54,1463.0,166.8111831820431,0.6805661219139835,0.921865154379332,43.15958125315331,82.45933014354067,334.56732740943266,0.5969938039779663,0.8819646835327148,1.0
55,56.0,32.0,0.9607689228305228,1.0,8.444016491289505,69.5,388.5,0.7733628749847412,0.8459674119949341,0.9970430731773376
56,45.0,28.485281374238575,0.9107578229483423,0.8653846153846154,7.569397566060481,72.15555555555555,170.26666666666668,0.5977945923805237,0.7521057724952698,0.9996303915977478
57,239.0,62.62741699796952,0.7137858581095712,0.9409448818897638,17.44431859350499,71.72384937238493,86.47698744769875,0.6681451201438904,0.8760531544685364,1.0
58,16.0,13.621320343559642,0.9596288331806001,0.8421052631578947,4.51351666838205,71.25,176.0,0.5916343331336975,0.7549282312393188,0.8707571029663086
59,25.0,22.82842712474619,0.9868466359132604,0.8620689655172413,5.641895835477563,73.0,61.0,0.771206796169281,0.8559033870697021,0.9669192433357239
60,39.0,26.485281374238568,0.8801485606723833,0.8297872340425532,7.046725639945928,71.97435897435898,402.3333333333333,0.6951888203620911,0.747036337852478,0.8267109990119934
61,32.0,20.9350288425444,0.686366854845525,0.8205128205128205,6.383076486422923,74.875,397.96875,0.6944496035575867,0.8468801975250244,0.9741883873939514
62,131.0,49.31370849898476,0.9466316547201776,0.9703703703703703,12.914889870235298,72.74045801526718,35.083969465648856,0.6678987145423889,0.874913215637207,1.0
63,38.0,27.828427124746188,0.9770245141152804,0.9743589743589743,6.955796338302048,78.1842105263158,10.0,0.5776504874229431,0.8055908679962158,1.0
64,80.0,39.656854249492376,0.9381770716695842,0.8602150537634409,10.092530088080641,75.4875,13.5375,0.5776504874229431,0.8185285329818726,1.0
65,61.0,58.82842712474619,0.9978435291871234,0.8243243243243243,8.812923024107548,77.90163934426229,255.04918032786884,0.8371219038963318,0.9786440134048462,0.9996303915977478
66,27.0,17.65685424949238,0.7360316424213775,0.9310344827586207,5.863230142835039,79.29629629629629,401.85185185185185,0.6924166679382324,0.8103451728820801,0.996057391166687
67,256.0,74.97056274847714,0.9458529653109202,0.9110320284697508,18.0540666735282,81.0859375,3.80859375,0.563112199306488,0.8555459976196289,1.0
68,88.0,61.071067811865476,0.9946781293892492,0.88,10.585134856802455,80.51136363636364,257.1363636363636,0.8361362814903259,0.9672559499740601,0.9996303915977478
69,59.0,56.82842712474619,0.9976468072897454,0.8194444444444444,8.667244841319219,83.15254237288136,259.4237288135593,0.6762151122093201,0.9202629327774048,0.9996303915977478
70,55.0,29.31370849898476,0.8494920922265251,0.859375,8.368283871884005,81.27272727272727,410.1636363636364,0.667405903339386,0.7198490500450134,0.9260149002075195
71,649.0,110.87615433949868,0.7667884010749142,0.8902606310013718,28.745999104799274,80.4869029275809,377.6255778120185,0.5486971139907837,0.8591535091400146,0.9977207183837891
72,1360.0,171.63961030678928,0.3455543534952125,0.8526645768025078,41.61256758288079,86.24852941176471,198.6529411764706,0.6348179578781128,0.9282336831092834,1.0
73,241.0,69.4558441227157,0.8605863192767755,0.8925925925925926,17.517155313611116,84.04979253112033,300.08298755186723,0.6088831424713135,0.8825471997261047,1.0
74,88.0,61.07106781186547,0.994397899179973,0.88,10.585134856802455,85.80681818181819,261.97727272727275,0.7808168530464172,0.9503796100616455,0.9997535943984985
75,180.0,58.62741699796952,0.8419245486947345,0.8653846153846154,15.138795132120961,84.77777777777777,168.38333333333333,0.6635249257087708,0.787476122379303,0.9609437584877014
76,41.0,33.65685424949238,0.9861541583331437,0.82,7.225151993843567,90.07317073170732,215.26829268292684,0.6928479075431824,0.9370193481445312,0.9995071887969971
77,529.0,101.66295090390227,0.8214256222987454,0.8477564102564102,25.95272084319679,83.53686200378071,29.361058601134214,0.6948192119598389,0.8819841742515564,1.0
78,40.0,33.65685424949238,0.9866625743989238,0.8,7.136496464611085,88.95,217.825,0.6668514609336853,0.8369725346565247,0.9993223547935486
79,38.0,22.035533905932738,0.5609026817834131,0.926829268292683,6.955796338302048,91.78947368421052,392.44736842105266,0.7502002120018005,0.9102689027786255,0.9971662759780884
80,510.0,102.01219330881977,0.9008577919976779,0.8585858585858586,25.482389366284572,98.49411764705883,23.50392156862745,0.5350828766822815,0.8569660186767578,1.0
81,788.0,121.87615433949868,0.618918431821076,0.8736141906873615,31.675112647807715,99.17766497461929,258.1104060913706,0.608636736869812,0.9118799567222595,0.9998767971992493
82,63.0,60.82842712474619,0.9980125074032552,0.8181818181818182,8.95623198216277,95.4920634920635,243.015873015873,0.7518634796142578,0.9045644402503967,0.9994455575942993
83,16.0,13.82842712474619,0.8687860910665245,0.7619047619047619,4.51351666838205,96.0,142.9375,0.6589046716690063,0.6920509338378906,0.7213700413703918
84,246.0,71.49137802864844,0.7153283553672516,0.8512110726643599,17.697935698969246,96.57723577235772,297.2560975609756,0.6701780557632446,0.9170861840248108,1.0
85,12.0,10.621320343559642,0.7579683988791017,0.9230769230769231,3.9088200952233594,96.5,131.25,0.6614304184913635,0.6730630993843079,0.6891517043113708
86,4.0,4.0,0.0,1.0,2.256758334191025,97.5,145.5,0.6979609727859497,0.7024579048156738,0.7070165872573853
87,160.0,74.14213562373095,0.9882371770658646,0.9248554913294798,14.27299292922217,91.7375,239.33125,0.7549436092376709,0.8920189738273621,0.99956876039505
88,22.0,14.828427124746192,0.6106658672991558,1.0,5.292567428401227,99.22727272727273,1.7727272727272727,0.745148777961731,0.9189165234565735,1.0
89,54.0,38.656854249492376,0.9862526316146428,0.8709677419354839,8.291859587312052,99.64814814814815,306.4074074074074,0.589601457118988,0.8469032049179077,1.0
90,353.0,77.11269837220809,0.7771015684689104,0.926509186351706,21.200319792199185,92.75070821529745,363.24929178470256,0.6472001671791077,0.8964200615882874,0.9992607831954956
91,54.0,38.656854249492376,0.9862526316146428,0.8709677419354839,8.291859587312052,97.35185185185185,309.5925925925926,0.5894781947135925,0.8262158632278442,1.0
92,908.0,147.2903679018718,0.7760424188320537,0.7773972602739726,34.00149271163735,96.40198237885463,226.034140969163,0.5974249839782715,0.9019532203674316,0.9997535943984985
93,370.0,77.94112549695429,0.7093052871699858,0.9226932668329177,21.70480664627101,108.04324324324324,360.3081081081081,0.7137312889099121,0.9140313267707825,0.9996919631958008
94,448.0,91.90559159102153,0.5857938165448943,0.8631984585741811,23.883285285767386,103.89508928571429,320.42410714285717,0.5948992967605591,0.8802083730697632,1.0
95,114.0,41.31370849898476,0.7669408051765779,0.9344262295081968,12.047792665040703,100.48245614035088,394.6140350877193,0.6831762194633484,0.8763116002082825,0.9978439211845398
96,36.0,23.31370849898476,0.9217505411717294,0.9,6.770275002573076,102.5,150.5,0.6688843965530396,0.7999051809310913,0.9435717463493347
97,527.0,104.87005768508881,0.8574654018382734,0.8696369636963697,25.903614421069328,99.88614800759014,406.7628083491461,0.5754327774047852,0.8200758695602417,0.9988295435905457
98,739.0,122.56854249492379,0.27631986362175087,0.8312710911136107,30.67448489476694,102.6468200270636,166.72259810554803,0.5942832231521606,0.8448605537414551,1.0
99,33.0,30.82842712474619,0.9925330123511656,0.8461538461538461,6.4820448144285745,107.0,18.0,0.6991313695907593,0.9312343597412109,1.0
100,176.0,55.79898987322333,0.8521432545333306,0.8756218905472637,14.96964127403822,111.2215909090909,150.3693181818182,0.5418591499328613,0.8108335733413696,0.9983367323875427
101,25.0,22.82842712474619,0.9866623538245601,0.8333333333333334,5.641895835477563,108.96,177.92,0.7708371877670288,0.8549178242683411,0.9918684363365173
102,2292.0,242.99494936611663,0.7422957056380851,0.7889845094664372,54.02096848940227,101.8804537521815,71.22862129144852,0.5639129877090454,0.8932297229766846,1.0
103,144.0,56.384776310850235,0.9459204659174163,0.8571428571428571,13.540550005146152,106.54861111111111,124.44444444444444,0.6488634347915649,0.7916589975357056,0.9975358843803406
104,172.0,56.38477631085024,0.7534267605102605,0.8514851485148515,14.798554040663838,108.37209302325581,184.25581395348837,0.7368323802947998,0.9272397756576538,1.0
105,68.0,38.242640687119284,0.9745050296980308,0.9855072463768116,9.304852983362556,109.75,129.48529411764707,0.6502802968025208,0.8083678483963013,0.9608205556869507
106,288.0,71.83452377915607,0.850712498680795,0.9028213166144201,19.149229459268767,111.20833333333333,137.03125,0.6273640394210815,0.8294390439987183,0.9979671239852905
107,74.0,32.86396103067892,0.6453093735466411,0.9024390243902439,9.706684619910241,109.39189189189189,338.0945945945946,0.6699316501617432,0.7577948570251465,0.8419269323348999
108,496.0,97.11269837220809,0.8957843309912358,0.9001814882032668,25.13019725725687,112.28629032258064,114.20766129032258,0.6117168664932251,0.8506810069084167,0.9981518983840942
109,175.0,92.79898987322332,0.9685640922460755,0.5057803468208093,14.927053303604616,100.53714285714285,104.61142857142858,0.6091295480728149,0.8137881755828857,0.9911907911300659
110,71.0,49.86396103067892,0.9919659441610015,0.8658536585365854,9.507891862878783,113.84507042253522,103.50704225352112,0.7665249705314636,0.9203301072120667,0.9985215067863464
111,65.0,62.82842712474619,0.998005023827853,0.8125,9.09728368293446,119.92307692307692,87.86153846153846,0.665188193321228,0.8743859529495239,0.99956876039505
112,47.0,44.82842712474619,0.9962527450619101,0.8245614035087719,7.735777827895049,111.57446808510639,100.85106382978724,0.8342265486717224,0.9369933605194092,0.9991375803947449
113,214.0,94.72792206135786,0.993470257518919,0.9184549356223176,16.50676414605009,115.49532710280374,227.80373831775702,0.5964393615722656,0.9008368253707886,0.9998151659965515
114,112.0,77.07106781186548,0.9967909735842119,0.8615384615384616,11.941642642883693,120.27678571428571,90.41071428571429,0.6765847206115723,0.8768591284751892,0.9994455575942993
115,443.0,88.42640687119285,0.6501254572063719,0.8967611336032388,23.74963406702674,109.10835214446952,381.5733634311512,0.6206492781639099,0.8987007737159729,0.9991991519927979
116,66.0,63.621320343559645,0.9980279100536699,0.8148148148148148,9.166995688475081,126.10606060606061,60.27272727272727,0.7444711327552795,0.9619583487510681,1.0
117,375.0,100.42031021678298,0.942803646006166,0.7700205338809035,21.850968611841584,120.68266666666666,97.62933333333334,0.6866875886917114,0.8615074753761292,0.9993223547935486
118,33.0,30.82842712474619,0.9925330123511656,0.8461538461538461,6.4820448144285745,117.0,182.0,0.7726236581802368,0.8908863067626953,0.9999383687973022
119,70.0,67.62132034355965,0.9982801161418229,0.813953488372093,9.440697438826296,125.14285714285714,58.2,0.8373683094978333,0.9687920808792114,1.0
120,369.0,75.89949493661167,0.8293905562886921,0.9634464751958225,21.675455981530703,120.04336043360433,317.1951219512195,0.6013059616088867,0.9384769201278687,1.0
121,74.0,71.62132034355965,0.9985016744522507,0.8131868131868132,9.706684619910241,124.17567567567568,56.13513513513514,0.7615351676940918,0.9730038046836853,1.0
122,631.0,112.81118318204308,0.8825415579623094,0.9184861717612809,28.34456125481373,117.18858954041204,45.99841521394612,0.6039549112319946,0.9449717998504639,1.0
123,1057.0,146.64570696119915,0.7650586892524006,0.8456,36.68534037984474,113.49195837275307,283.5042573320719,0.6145505905151367,0.891277015209198,1.0
124,149.0,57.89949493661167,0.943362075134177,0.8514285714285714,13.773623058786647,120.71140939597315,185.95973154362417,0.6285344958305359,0.8204556107521057,1.0
125,100.0,70.48528137423857,0.9959792715730199,0.8771929824561403,11.283791670955125,124.38,273.04,0.614427387714386,0.9312986731529236,1.0
126,56.0,40.48528137423857,0.986956295881613,0.875,8.444016491289505,125.55357142857143,184.625,0.6285960674285889,0.9215872883796692,1.0
127,100.0,70.48528137423857,0.9960301742480784,0.8771929824561403,11.283791670955125,127.5,276.0,0.8108174800872803,0.943574845790863,1.0
128,161.0,50.8700576850888,0.7568917634285218,0.9147727272727273,14.317526556719258,125.01242236024845,147.47826086956522,0.6553933620452881,0.764902651309967,0.9978439211845398
129,143.0,45.935028842544405,0.617842486490267,0.910828025477707,13.493452297211721,127.12587412587412,164.85314685314685,0.564960241317749,0.8375130891799927,0.9991375803947449
130,286.0,89.01219330881976,0.8800021260813309,0.7922437673130194,19.08262324195121,140.05944055944056,43.56993006993007,0.6590279340744019,0.8985241651535034,1.0
131,41.0,25.414213562373096,0.9378799500731669,0.9761904761904762,7.225151993843567,130.70731707317074,157.609756097561,0.6788024306297302,0.7896215915679932,0.9476375579833984
132,72.0,69.62132034355965,0.9984203893863607,0.8089887640449438,9.574614729634384,135.68055555555554,37.125,0.682437002658844,0.9223083853721619,1.0
133,50.0,25.65685424949238,0.72935197096376,0.9259259259259259,7.978845608028654,131.96,116.54,0.6849627494812012,0.8164380788803101,0.9969198703765869
134,2259.0,207.8761543394987,0.7483915313459295,0.8793304787855196,53.63066409766648,136.61531651173087,223.57060646303674,0.48506128787994385,0.880447506904602,1.0
135,100.0,70.48528137423857,0.9959792715730199,0.8771929824561403,11.283791670955125,130.62,278.96,0.6589663028717041,0.9151216745376587,1.0
136,735.0,130.60407640085654,0.6469746896850441,0.767223382045929,30.591356056578213,130.75238095238095,384.0081632653061,0.5942216515541077,0.9137908816337585,1.0
137,152.0,81.89949493661166,0.9944812394927124,0.8941176470588236,13.911592676604096,133.84868421052633,34.01315789473684,0.801268994808197,0.9386520385742188,1.0
138,22.0,15.414213562373096,0.7833652026279185,0.9565217391304348,5.292567428401227,132.3181818181818,123.63636363636364,0.6699932217597961,0.7124879956245422,0.7859299182891846
139,338.0,82.42640687119285,0.8052093662392794,0.8666666666666667,20.7449985808745,134.80769230769232,140.27810650887574,0.6091911792755127,0.8144915699958801,0.9967350363731384
140,224.0,79.65685424949238,0.977666854924309,0.8421052631578947,16.88803298257901,131.79464285714286,412.02232142857144,0.5770344138145447,0.933899998664856,1.0
141,468.0,95.76955262170047,0.42457794892615697,0.8210526315789474,24.410573670769317,136.27777777777777,179.72222222222223,0.5475882291793823,0.8372397422790527,1.0
142,121.0,67.31370849898475,0.9915950635667947,0.9097744360902256,12.412170838050638,134.0,407.0,0.671410083770752,0.9155474305152893,1.0
143,47.0,44.82842712474619,0.996355746910422,0.8245614035087719,7.735777827895049,136.46808510638297,393.93617021276594,0.8225836157798767,0.9683937430381775,1.0
144,389.0,98.2842712474619,0.9353256271886624,0.779559118236473,22.255115881567058,139.44473007712082,399.8020565552699,0.6703012585639954,0.9023665189743042,1.0
145,14.0,10.82842712474619,0.2036532699906393,1.0,4.222008245644752,137.28571428571428,110.5,0.6915542483329773,0.7005130648612976,0.7094190716743469
146,549.0,131.14823227814082,0.9212608638830472,0.6421052631578947,26.438769072322643,137.20765027322403,270.3497267759563,0.6136881709098816,0.8805204033851624,1.0
147,25.0,22.82842712474619,0.9866623538245601,0.8333333333333334,5.641895835477563,137.96,375.08,0.5939136147499084,0.7501903772354126,0.9999383687973022
148,33.0,30.82842712474619,0.9925330123511656,0.8461538461538461,6.4820448144285745,138.0,192.0,0.6705476641654968,0.8605608344078064,1.0
149,13.0,11.0,0.9962942897654247,0.7222222222222222,4.068428945128219,136.6153846153846,373.38461538461536,0.6216349601745605,0.7217918038368225,0.9016817808151245
150,54.0,25.31370849898476,0.4806640120428005,0.9473684210526315,8.291859587312052,139.09259259259258,128.92592592592592,0.6762767434120178,0.8081275820732117,0.9528121948242188
151,2198.0,224.76955262170046,0.8775984538845595,0.9071399092034668,52.901611689322735,141.74795268425842,15.162420382165605,0.5608944892883301,0.8974376320838928,1.0
152,29.0,18.485281374238568,0.6973609553376854,0.90625,6.076507779746499,138.86206896551724,120.58620689655173,0.659397542476654,0.7404116988182068,0.7915973663330078
153,978.0,134.4680374315355,0.8289551130296011,0.9635467980295567,35.28779214899948,131.53476482617586,348.97034764826174,0.6081439256668091,0.8975204229354858,1.0
154,410.0,101.35533905932739,0.8779725302445807,0.8167330677290837,22.847936741452536,143.15365853658537,369.3,0.6215117573738098,0.9313018321990967,1.0
155,30.0,21.31370849898476,0.9075030827766014,0.8823529411764706,6.180387232371033,144.23333333333332,124.0,0.7294400334358215,0.7727693915367126,0.8198730945587158
156,89.0,61.86396103067892,0.994832633039608,0.8640776699029126,10.645107772184812,143.40449438202248,278.12359550561797,0.6618616580963135,0.867784321308136,1.0
157,65.0,32.27817459305203,0.7814145532652883,0.8552631578947368,9.09728368293446,147.87692307692308,146.6,0.7595022320747375,0.879204273223877,0.9980903267860413
158,46.0,26.38477631085024,0.8501058337517018,0.92,7.653039857325812,145.32608695652175,134.80434782608697,0.7232181429862976,0.8547443151473999,0.9973510503768921
159,25.0,22.82842712474619,0.9868466359132604,0.8620689655172413,5.641895835477563,146.0,151.0,0.7511242628097534,0.7728011608123779,0.8028091192245483
160,110.0,41.79898987322333,0.8143464378280203,0.9090909090909091,11.834540545406394,144.6090909090909,158.75454545454545,0.576418399810791,0.8522095680236816,0.9707385897636414
161,61.0,58.82842712474619,0.9978780727005614,0.8133333333333334,8.812923024107548,146.0,276.0,0.6447976231575012,0.894925594329834,1.0
162,61.0,39.86396103067892,0.9500677535813072,0.7625,8.812923024107548,149.4262295081967,153.27868852459017,0.7516170740127563,0.8018062114715576,0.9104909896850586
163,91.0,64.48528137423857,0.995151832548611,0.875,10.764051215546116,148.6153846153846,273.53846153846155,0.6450440287590027,0.9239718317985535,1.0
164,47.0,26.621320343559642,0.8934264867084271,0.94,7.735777827895049,150.2127659574468,134.36170212765958,0.6568102240562439,0.7927441596984863,0.9075340628623962
165,666.0,125.98275605729688,0.8363553338802894,0.8927613941018767,29.120053859730724,161.26276276276278,346.85585585585585,0.6554549336433411,0.9051063060760498,0.9996919631958008
166,39.0,36.82842712474619,0.9944285076683437,0.8297872340425532,7.046725639945928,151.82051282051282,201.5897435897436,0.48413723707199097,0.7890622019767761,1.0
167,127.0,88.48528137423857,0.9975287482965529,0.8698630136986302,12.716187407449045,154.48031496062993,335.5590551181102,0.6967905163764954,0.9913009405136108,0.9996303915977478
168,195.0,55.112698372208094,0.7079620466412468,0.9375,15.756957549709801,152.67179487179487,166.93333333333334,0.5053286552429199,0.7803809642791748,0.9993223547935486
169,26.0,16.82842712474619,0.818951197033696,1.0,5.753627391751592,154.5,126.23076923076923,0.6930943131446838,0.7089546918869019,0.7215548753738403
170,487.0,94.5269119345812,0.5104894761961398,0.8854545454545455,24.901157769991823,163.0164271047228,203.34907597535934,0.482966810464859,0.8549851179122925,1.0
171,15.0,11.414213562373096,0.4898979485566355,1.0,4.370193722368317,154.6,410.4,0.7415142059326172,0.7422041296958923,0.742992639541626
172,1358.0,177.0538238691624,0.8930649360047271,0.8156156156156156,41.581958849365805,152.7879234167894,321.08910162002945,0.5987186431884766,0.9166051149368286,1.0
173,54.0,38.656854249492376,0.9862526316146428,0.8709677419354839,8.291859587312052,156.40740740740742,242.64814814814815,0.6958048343658447,0.9223312735557556,1.0
174,54.0,38.656854249492376,0.9862526316146428,0.8709677419354839,8.291859587312052,156.40740740740742,375.64814814814815,0.7069549560546875,0.9477583765983582,0.9998151659965515
175,738.0,125.49747468305834,0.7423392554349758,0.8492520138089759,30.653723819701746,161.27777777777777,276.949864498645,0.6096839904785156,0.9270673990249634,1.0
176,173.0,53.55634918610404,0.7714759392869396,0.9057591623036649,14.841510746523857,163.08092485549133,241.2485549132948,0.5790057182312012,0.9106630682945251,1.0
177,165.0,85.55634918610404,0.993644051043043,0.8009708737864077,14.494292838262302,170.94545454545454,312.3757575757576,0.7047372460365295,0.9306246638298035,0.99956876039505
178,160.0,51.14213562373095,0.5579344215208094,0.8695652173913043,14.27299292922217,159.4625,137.2875,0.6210188865661621,0.7808473110198975,0.9765293002128601
179,143.0,77.89949493661166,0.993995724624073,0.89937106918239,13.493452297211721,160.24475524475525,292.993006993007,0.6446128487586975,0.9577921628952026,0.9998767971992493
180,54.0,38.656854249492376,0.9862526316146428,0.8709677419354839,8.291859587312052,159.59259259259258,373.35185185185185,0.7988665103912354,0.9591595530509949,0.9997535943984985
181,83.0,80.82842712474618,0.9988161829915988,0.8137254901960784,10.280023453913834,168.40963855421685,309.1807228915663,0.6808353066444397,0.9001328945159912,0.9996919631958008
182,85.0,82.82842712474618,0.9988700493440575,0.8095238095238095,10.403141895720198,166.94117647058823,307.1058823529412,0.6757838726043701,0.8800930976867676,0.9997535943984985
183,375.0,84.5269119345812,0.6082234877745624,0.8620689655172413,21.850968611841584,164.416,401.99733333333336,0.5987802743911743,0.8890372514724731,1.0
184,270.0,65.04163056034263,0.2559137140671399,0.9215017064846417,18.5411616971131,164.16666666666666,151.54814814814816,0.5871373414993286,0.775955855846405,0.9234275817871094
185,535.0,99.84062043356595,0.7260121642050057,0.9052453468697124,26.099485750361293,164.38317757009347,181.53644859813085,0.5220230221748352,0.8495188355445862,1.0
186,25.0,22.82842712474619,0.9868466359132604,0.8620689655172413,5.641895835477563,163.0,250.0,0.81845623254776,0.9239475131034851,1.0
187,783.0,159.76955262170048,0.9623002395837147,0.760932944606414,31.574460621325464,174.2081736909323,298.9833971902937,0.6454752683639526,0.8732758164405823,0.9998767971992493
188,26.0,17.071067811865476,0.7282548154283781,0.9285714285714286,5.753627391751592,164.46153846153845,221.73076923076923,0.6694387793540955,0.8227399587631226,0.9502864480018616
189,71.0,32.72792206135785,0.7858443389953428,0.8875,9.507891862878783,168.29577464788733,166.74647887323943,0.6582886576652527,0.8274180889129639,0.9065483808517456
190,462.0,90.2842712474619,0.506534181380747,0.8783269961977186,24.253590861306396,171.47619047619048,373.42857142857144,0.6403622031211853,0.8617247343063354,0.9997535943984985
191,223.0,65.00609665440989,0.8723016661144768,0.892,16.85029431422316,169.23766816143498,389.0179372197309,0.48198115825653076,0.8632183074951172,1.0
192,21.0,14.828427124746192,0.7720641516361585,1.0,5.170882945826411,170.8095238095238,137.33333333333334,0.6614304184913635,0.680266261100769,0.6954352259635925
193,45.0,29.242640687119284,0.9641006870552634,0.9375,7.569397566060481,170.3111111111111,360.68888888888887,0.6447360515594482,0.8375257849693298,0.9991991519927979
194,46.0,22.727922061357855,0.5423685217274917,0.9583333333333334,7.653039857325812,173.47826086956522,160.54347826086956,0.6489250063896179,0.8540078997612,0.9140639305114746
195,352.0,72.52691193458118,0.6770719814089567,0.9436997319034852,21.17026971360491,174.36647727272728,232.4715909090909,0.5095176696777344,0.8696405291557312,1.0
196,295.0,86.1126983722081,0.8743580350066457,0.8149171270718232,19.38054864282415,168.67457627118645,260.4169491525424,0.55744469165802,0.889416515827179,1.0
197,36.0,22.27817459305202,0.5675213445263153,0.8372093023255814,6.770275002573076,174.36111111111111,143.44444444444446,0.6585350632667542,0.7592660188674927,0.9009425044059753
198,25.0,17.071067811865476,0.7831282624501719,0.9259259259259259,5.641895835477563,176.96,192.12,0.7655393481254578,0.8520495891571045,0.8702026605606079
199,1008.0,137.94112549695427,0.8359328044280846,0.9040358744394619,35.82492792865108,187.03174603174602,262.70436507936506,0.5300930142402649,0.8574771285057068,1.0
200,36.0,21.656854249492383,0.7396672672327522,0.9,6.770275002573076,177.63888888888889,135.66666666666666,0.6657426357269287,0.6924816966056824,0.7207540273666382
201,16.0,12.82842712474619,0.7730823048033113,0.8888888888888888,4.51351666838205,178.5625,144.9375,0.8307152390480042,0.8623405694961548,0.8809831738471985
202,69.0,30.86396103067893,0.5484091748681484,0.92,9.373021315815206,178.231884057971,208.85507246376812,0.6418406963348389,0.8541707396507263,0.9926692247390747
203,52.0,31.48528137423857,0.9545801047572188,0.8813559322033898,8.136857890256438,176.55769230769232,214.82692307692307,0.6938335299491882,0.8624429702758789,0.9931620955467224
204,96.0,37.071067811865476,0.6428992455608105,0.9142857142857143,11.055812783082736,183.34375,389.7291666666667,0.7062157392501831,0.7726378440856934,0.8675537705421448
205,66.0,31.313708498984756,0.6945459813681608,0.9295774647887324,9.166995688475081,179.78787878787878,412.3636363636364,0.7536499500274658,0.8229252099990845,0.9289102554321289
206,92.0,35.692388155425114,0.486194861704548,0.8932038834951457,10.823032759612019,182.81521739130434,20.97826086956522,0.6876116394996643,0.7476391196250916,0.8694634437561035
207,9.0,8.828427124746192,0.7869526281849774,1.0,3.385137501286538,181.77777777777777,140.88888888888889,0.6631553173065186,0.8434669971466064,0.9004496932029724
208,130.0,43.62741699796952,0.4949991707499678,0.896551724137931,12.865501965161373,181.56923076923076,152.7846153846154,0.6613072156906128,0.8657283782958984,0.9998767971992493
209,116.0,41.798989873223334,0.6618814494041475,0.90625,12.153015559492998,183.52586206896552,219.93965517241378,0.640916645526886,0.7711690664291382,0.900141716003418
210,69.0,31.899494936611667,0.6774669930154464,0.8961038961038961,9.373021315815206,183.05797101449275,197.85507246376812,0.6910614371299744,0.8349837064743042,1.0
211,65.0,29.692388155425117,0.664013576595893,0.9027777777777778,9.09728368293446,184.96923076923076,205.7846153846154,0.6645105481147766,0.787193238735199,0.9999383687973022
212,16.0,13.621320343559642,0.9596288331806001,0.8421052631578947,4.51351666838205,183.75,396.0,0.4981827139854431,0.6636943221092224,0.7656009197235107
213,10.0,8.82842712474619,0.6123724356957946,1.0,3.5682482323055424,185.2,376.0,0.661245584487915,0.6670301556587219,0.6722109317779541
214,233.0,59.071067811865476,0.49854532289271897,0.9433198380566802,17.22396045987371,186.5236051502146,7.240343347639485,0.6319842338562012,0.8301607966423035,1.0
215,302.0,71.2842712474619,0.703285773790495,0.8988095238095238,19.60913925979463,184.6523178807947,167.49668874172184,0.5731534361839294,0.8016182780265808,1.0
216,185.0,55.45584412271571,0.48634789370236464,0.8809523809523809,15.347615963921077,188.02162162162162,402.61621621621623,0.5003387928009033,0.7893057465553284,1.0
217,54.0,30.727922061357855,0.6303284378762315,0.7941176470588235,8.291859587312052,188.3148148148148,182.0185185185185,0.7383108735084534,0.8529708385467529,1.0
218,42.0,28.828427124746188,0.939218132680556,0.8571428571428571,7.312732791431452,191.14285714285714,413.64285714285717,0.6393149495124817,0.7550023198127747,0.9555227160453796
219,16.0,13.621320343559642,0.9596288331806001,0.8421052631578947,4.51351666838205,190.0,217.75,0.6406086087226868,0.7074439525604248,0.9217026829719543
220,193.0,52.72792206135786,0.37792120772572807,0.9368932038834952,15.67594437773643,190.76165803108807,232.33678756476684,0.6632785201072693,0.8546767830848694,0.9996919631958008
221,20.0,13.65685424949238,0.2752409412815902,1.0,5.046265044040321,190.75,386.75,0.6707324385643005,0.7076941728591919,0.7778599262237549
222,16.0,13.621320343559642,0.9596288331806001,0.8421052631578947,4.51351666838205,193.0,170.25,0.6439967751502991,0.737413763999939,0.8176553845405579
223,265.0,71.1126983722081,0.7488807530809695,0.8803986710963455,18.36868202552426,194.4452830188679,140.5320754716981,0.6069734692573547,0.8006980419158936,1.0
224,16.0,13.621320343559642,0.9596288331806001,0.8421052631578947,4.51351666838205,193.75,150.0,0.6280416250228882,0.766136109828949,0.8199962973594666
225,49.0,23.31370849898476,0.526450515977138,0.9607843137254902,7.898654169668588,193.9591836734694,392.0,0.6706092357635498,0.7110358476638794,0.7415142059326172
226,82.0,32.48528137423857,0.39466487241481735,0.9647058823529412,10.217907939900583,196.0,154.82926829268294,0.5755559802055359,0.8498233556747437,1.0
227,181.0,54.72792206135785,0.782940260802833,0.8960396039603961,15.180789096653193,195.08839779005524,211.74585635359117,0.5913262963294983,0.8302652835845947,0.9998151659965515
228,41.0,21.071067811865476,0.3488429663027717,0.9761904761904762,7.225151993843567,196.9512195121951,16.26829268292683,0.6624160408973694,0.7747647166252136,0.9369186162948608
229,164.0,49.55634918610404,0.7029395281375539,0.9060773480662984,14.450303987687134,193.4329268292683,194.32926829268294,0.6910614371299744,0.8322350382804871,0.9999383687973022
230,114.0,43.55634918610404,0.8971387283201806,0.926829268292683,12.047792665040703,201.43859649122808,287.3070175438597,0.6765231490135193,0.7695434093475342,0.9998767971992493
231,128.0,43.89949493661167,0.725073386870832,0.920863309352518,12.766152972845846,200.390625,5.7578125,0.5855972170829773,0.8317956924438477,0.9993839859962463
232,121.0,41.89949493661166,0.7107191196854175,0.9166666666666666,12.412170838050638,201.6694214876033,228.32231404958677,0.6600135564804077,0.8860204219818115,0.9993839859962463
233,76.0,34.55634918610404,0.5331242193928627,0.8735632183908046,9.83698151873187,204.94736842105263,156.23684210526315,0.718659520149231,0.8398794531822205,0.9935317039489746
234,133.0,47.55634918610405,0.8038474615678572,0.8866666666666667,13.013103375051497,201.5563909774436,405.09774436090225,0.7237725853919983,0.8093991279602051,1.0
235,404.0,85.4558441227157,0.6793659592853402,0.8614072494669509,22.680140565547774,204.6757425742574,171.009900990099,0.486539751291275,0.8376411199569702,1.0
236,23.0,15.31370849898476,0.6648493387028181,1.0,5.4115163798060095,206.52173913043478,280.1304347826087,0.6730733513832092,0.7454112768173218,0.910798966884613
237,57.0,39.86396103067892,0.9870865458441141,0.8636363636363636,8.51907589177983,208.47368421052633,180.43859649122808,0.5034805536270142,0.8567818999290466,1.0
238,56.0,40.48528137423857,0.986956295881613,0.875,8.444016491289505,206.375,183.55357142857142,0.6155362725257874,0.8312498331069946,0.9704921841621399
239,120.0,41.071067811865476,0.6798621363784654,0.9448818897637795,12.360774464742066,207.58333333333334,211.68333333333334,0.71249920129776,0.8502844572067261,0.9992607831954956
240,777.0,125.01219330881976,0.8711349948233679,0.8730337078651685,31.453253031430968,209.21235521235522,256.2033462033462,0.4948561489582062,0.846234142780304,0.9996303915977478
241,28.0,18.485281374238568,0.8481504976124169,0.9032258064516129,5.970821321441846,208.21428571428572,292.2857142857143,0.7006714940071106,0.7505105137825012,0.7829113602638245
242,58.0,26.48528137423857,0.6473193906029061,1.0,8.593479713983122,209.0,3.706896551724138,0.5839955806732178,0.7733405828475952,0.9988295435905457
243,303.0,74.97056274847714,0.7989758596076807,0.8440111420612814,19.64157789116634,209.4983498349835,191.01320132013203,0.5186348557472229,0.8418167233467102,1.0
244,102.0,41.071067811865476,0.9180542315568314,0.9532710280373832,11.396070970426017,209.2058823529412,406.6372549019608,0.6382677555084229,0.8209263682365417,1.0
245,115.0,41.31370849898476,0.6705614985504601,0.92,12.100518486599809,211.12173913043478,202.49565217391304,0.6378980875015259,0.8884810209274292,0.9995071887969971
246,63.0,30.384776310850235,0.5726817079206439,0.863013698630137,8.95623198216277,211.53968253968253,285.4920634920635,0.6590279340744019,0.7979464530944824,1.0
247,71.0,30.727922061357855,0.8355110936289963,0.9726027397260274,9.507891862878783,211.88732394366198,152.42253521126761,0.7153945565223694,0.8671719431877136,1.0
248,179.0,55.21320343559643,0.7051296137663929,0.8817733990147784,15.09668435477122,210.97206703910615,223.15642458100558,0.5703197121620178,0.9088580012321472,0.9992607831954956
249,253.0,67.87005768508881,0.535204002724801,0.8694158075601375,17.94796937867892,217.9802371541502,137.13833992094862,0.44317132234573364,0.7342046499252319,0.9650711417198181
250,103.0,45.79898987322332,0.8969183615303833,0.8174603174603174,11.451797811161432,218.04854368932038,148.58252427184465,0.5835027694702148,0.8408665060997009,1.0
251,47.0,27.071067811865476,0.8663908660523543,0.8545454545454545,7.735777827895049,218.89361702127658,121.12765957446808,0.6584734916687012,0.6879550218582153,0.7872851490974426
252,77.0,40.48528137423857,0.9656434154456562,0.927710843373494,9.901487006738307,217.24675324675326,167.33766233766235,0.6052485704421997,0.8278862237930298,1.0
253,39.0,36.82842712474619,0.9946387168898849,0.8297872340425532,7.046725639945928,216.92307692307693,245.53846153846155,0.5760487914085388,0.8628498911857605,0.9816423058509827
254,39.0,36.82842712474619,0.9946387168898849,0.8297872340425532,7.046725639945928,219.07692307692307,247.46153846153845,0.8164233565330505,0.9255205988883972,0.9990143775939941
255,181.0,66.04163056034263,0.9055442383632729,0.7973568281938326,15.180789096653193,220.73480662983425,19.91160220994475,0.606911838054657,0.7466164231300354,0.9760364890098572
256,212.0,64.38477631085024,0.8438070442408327,0.8514056224899599,16.42944866646031,224.5188679245283,166.92924528301887,0.6630936861038208,0.8779922127723694,1.0
257,224.0,56.485281374238575,0.4629289514419696,0.9613733905579399,16.88803298257901,221.32142857142858,6.325892857142857,0.7025811672210693,0.8312413096427917,0.9985215067863464
258,9.0,8.242640687119284,0.6945875203623407,1.0,3.385137501286538,226.66666666666666,123.88888888888889,0.6591511368751526,0.6917937994003296,0.9091356992721558
259,20.0,15.414213562373096,0.9103928087251936,1.0,5.046265044040321,228.15,117.05,0.6671594977378845,0.7225620746612549,0.7854370474815369
260,181.0,60.97056274847714,0.8628936080067795,0.8497652582159625,15.180789096653193,225.24861878453038,221.02762430939225,0.533542811870575,0.8782188296318054,0.9988295435905457
261,177.0,52.97056274847714,0.8185094262118212,0.9414893617021277,15.012108426804138,226.27118644067798,183.4180790960452,0.5073615312576294,0.8263323307037354,1.0
262,220.0,60.970562748477136,0.8518002848928521,0.9243697478991597,16.73656774376801,226.30454545454546,204.76818181818183,0.635125994682312,0.8560961484909058,0.9993839859962463
263,101.0,51.89949493661166,0.9806666092619248,0.9351851851851852,11.340070282773887,228.13861386138615,214.15841584158414,0.4732951521873474,0.7593534588813782,0.9986447095870972
264,104.0,40.72792206135786,0.8423287660691307,0.8666666666666667,11.507254783503184,224.69230769230768,279.59615384615387,0.7025195360183716,0.7873645424842834,0.9587260484695435
265,16.0,13.071067811865476,0.8177859417099855,1.0,4.51351666838205,229.1875,104.125,0.659890353679657,0.666504979133606,0.6755374670028687
266,9.0,7.621320343559643,0.7888954830250753,0.9,3.385137501286538,230.0,123.66666666666667,0.6588431000709534,0.8783684968948364,0.9088277220726013
267,23.0,15.65685424949238,0.7064057044769323,0.92,5.4115163798060095,228.43478260869566,151.7826086956522,0.7585166096687317,0.7961453199386597,0.8383539915084839
268,60.0,42.44974746830583,0.9873022252833087,0.7058823529411765,8.740387444736633,233.76666666666668,210.65,0.4731719195842743,0.7082497477531433,0.962483823299408
269,636.0,130.3259018078045,0.7560688443266426,0.7989949748743719,28.456639830653998,226.97169811320754,401.78930817610063,0.5650834441184998,0.8132379651069641,1.0
270,20.0,15.414213562373096,0.9103928087251936,1.0,5.046265044040321,231.15,131.05,0.7437934875488281,0.775287926197052,0.8108790516853333
271,23.0,15.65685424949238,0.6548708048953144,0.92,5.4115163798060095,229.7391304347826,156.6086956521739,0.6720877289772034,0.8532806038856506,1.0
272,108.0,69.10660171779821,0.9715571991274689,0.5625,11.726460285670077,233.85185185185185,412.69444444444446,0.6553933620452881,0.8007293343544006,0.9476991295814514
273,106.0,37.935028842544405,0.6783637686124665,0.9464285714285714,11.617374563210365,231.31132075471697,259.3679245283019,0.6199100613594055,0.8057032823562622,0.9990143775939941
274,42.0,23.65685424949238,0.877651645900816,0.9333333333333333,7.312732791431452,229.52380952380952,266.8333333333333,0.6940799355506897,0.7824450135231018,0.9993223547935486
275,83.0,35.071067811865476,0.8524041775837983,0.9540229885057471,10.280023453913834,233.0120481927711,5.542168674698795,0.7523562908172607,0.8712092041969299,0.9632230401039124
276,18.0,14.82842712474619,0.8612904636295676,0.9,4.787307364817192,233.0,112.22222222222223,0.65995192527771,0.7560319900512695,0.7785375714302063
277,10.0,8.82842712474619,0.6831300510639732,1.0,3.5682482323055424,232.8,120.5,0.6905685663223267,0.9003141522407532,0.927986204624176
278,168.0,55.59188309203678,0.7616533715339531,0.8615384615384616,14.625465582862905,232.8095238095238,141.86904761904762,0.6183083653450012,0.856082022190094,0.9998767971992493
279,1120.0,149.71067811865476,0.6857958049241717,0.8446455505279035,37.762789755305185,236.26964285714286,236.98660714285714,0.5063759088516235,0.8303211331367493,0.9990143775939941
280,6.0,6.0,0.7905694150420949,1.0,2.763953195770684,235.0,109.5,0.6606912016868591,0.6811330318450928,0.7620895504951477
281,186.0,53.04163056034261,0.618223001917144,0.8857142857142857,15.389040103942165,236.3279569892473,273.8709677419355,0.6553933620452881,0.8128646612167358,0.9995071887969971
282,15.0,11.414213562373096,0.4898979485566355,1.0,4.370193722368317,236.4,35.4,0.7679418325424194,0.8542721271514893,0.871496319770813
283,27.0,17.414213562373096,0.8281202285589021,1.0,5.863230142835039,238.11111111111111,79.55555555555556,0.6700548529624939,0.8426342010498047,0.9313743710517883
284,12.0,9.65685424949238,0.0,1.0,3.9088200952233594,236.5,96.5,0.6593359112739563,0.6664356589317322,0.6736277937889099
285,13.0,10.242640687119284,0.523556754446835,1.0,4.068428945128219,236.3846153846154,127.61538461538461,0.7457032203674316,0.750901460647583,0.7564837336540222
286,31.0,18.82842712474619,0.7368935930396069,0.96875,6.282549314314218,235.29032258064515,294.1290322580645,0.6590279340744019,0.7780466675758362,0.8945974111557007
287,27.0,16.82842712474619,0.6423658375719924,1.0,5.863230142835039,237.25925925925927,174.1851851851852,0.7879011631011963,0.8667735457420349,0.9998767971992493
288,286.0,72.5269119345812,0.6978424830494384,0.8881987577639752,19.08262324195121,234.41958041958043,192.7972027972028,0.5395182371139526,0.8458729386329651,0.9998767971992493
289,13.0,10.242640687119284,0.523556754446835,1.0,4.068428945128219,236.6153846153846,287.38461538461536,0.6659890413284302,0.6756133437156677,0.6863179802894592
290,138.0,50.8700576850888,0.7396000957221657,0.8214285714285714,13.255453865237978,238.05797101449275,19.5,0.6645105481147766,0.7455666065216064,0.9976590871810913
291,256.0,68.2842712474619,0.4694842233316266,0.8677966101694915,18.0540666735282,238.8515625,161.8203125,0.6933407187461853,0.8855730891227722,1.0
292,16.0,13.621320343559642,0.9596288331806001,0.8421052631578947,4.51351666838205,238.0,259.25,0.6215733289718628,0.8449994325637817,0.9443109631538391
293,23.0,15.899494936611665,0.7250427203923806,0.92,5.4115163798060095,238.30434782608697,48.869565217391305,0.6606912016868591,0.7445353865623474,0.8229532241821289
294,182.0,54.14213562373095,0.7273604406540083,0.9238578680203046,15.222667215103916,244.65934065934067,5.395604395604396,0.5092712640762329,0.8106424808502197,0.9773301482200623
295,10.0,8.82842712474619,0.6831300510639732,1.0,3.5682482323055424,240.2,120.5,0.7088030576705933,0.7147970199584961,0.7195835709571838
296,55.0,26.485281374238575,0.6536471490849539,0.9166666666666666,8.368283871884005,242.0,143.5818181818182,0.6820673942565918,0.783016562461853,0.9047002792358398
297,24.0,16.828427124746188,0.8500056584422018,0.96,5.527906391541368,241.625,283.7083333333333,0.6685147285461426,0.753049373626709,0.7975728511810303
298,79.0,39.31370849898476,0.8646610091636391,0.8586956521739131,10.02925341359355,241.46835443037975,65.43037974683544,0.6626625061035156,0.7861186265945435,0.9656255841255188
299,13.0,10.242640687119284,0.523556754446835,1.0,4.068428945128219,243.3846153846154,28.615384615384617,0.6760303378105164,0.6820532083511353,0.6890285015106201
300,88.0,36.38477631085024,0.741437494101803,0.8627450980392157,10.585134856802455,242.04545454545453,86.80681818181819,0.6556397676467896,0.7667363882064819,0.8536930680274963
301,111.0,41.97056274847714,0.43026770596062325,0.925,11.888212206450685,241.78378378378378,106.43243243243244,0.6584734916687012,0.7796729803085327,0.950532853603363
302,40.0,22.727922061357855,0.5256237636592024,0.9302325581395349,7.136496464611085,243.7,388.725,0.6551468968391418,0.7633908987045288,0.8630567193031311
303,168.0,65.21320343559643,0.7383069297605014,0.7088607594936709,14.625465582862905,245.20833333333334,42.61904761904762,0.6662354469299316,0.805510401725769,0.9829975962638855
304,50.0,25.656854249492383,0.8127006026228515,0.9615384615384616,7.978845608028654,244.08,127.5,0.7039980292320251,0.8708766102790833,0.9876177906990051
305,40.0,21.656854249492383,0.733288074997181,0.9523809523809523,7.136496464611085,244.275,136.575,0.71249920129776,0.7776766419410706,0.843159019947052
306,36.0,20.48528137423857,0.3784154191336794,0.9473684210526315,6.770275002573076,244.44444444444446,151.19444444444446,0.6919854879379272,0.7464321851730347,0.9122774600982666
307,74.0,33.31370849898476,0.6279188122530782,0.9135802469135802,9.706684619910241,243.3783783783784,54.12162162162162,0.6571182012557983,0.8038646578788757,0.9570627808570862
308,397.0,80.38477631085024,0.5562700287457585,0.906392694063927,22.48279562821002,250.05793450881612,194.28211586901764,0.5111809372901917,0.842447817325592,0.9992607831954956
309,10.0,8.82842712474619,0.7905694150420949,1.0,3.5682482323055424,247.0,69.5,0.7228485345840454,0.8490113019943237,0.867923378944397
310,10.0,8.82842712474619,0.6831300510639732,1.0,3.5682482323055424,247.2,96.5,0.7526026964187622,0.7590464353561401,0.7645536661148071
311,33.0,22.48528137423857,0.7373028849601587,0.8461538461538461,6.4820448144285745,246.57575757575756,210.03030303030303,0.7627056241035461,0.8305416107177734,0.9844144582748413
312,15.0,11.621320343559644,0.8595520557294148,0.9375,4.370193722368317,247.0,380.3333333333333,0.6606912016868591,0.7126676440238953,0.7515555024147034
313,81.0,33.65685424949238,0.8337960848595046,0.9759036144578314,10.155412503859614,247.0,409.641975308642,0.726113498210907,0.8629197478294373,0.9994455575942993
314,35.0,19.65685424949238,0.7815925401243614,1.0,6.6755811781245455,248.22857142857143,13.971428571428572,0.7356002926826477,0.771210253238678,0.8800591230392456
315,117.0,46.14213562373095,0.7669691748895124,0.8602941176470589,12.205286835384658,249.07692307692307,116.45299145299145,0.5759871602058411,0.7618241906166077,0.9984599351882935
316,14.0,11.621320343559642,0.9460911478871782,0.875,4.222008245644752,248.21428571428572,207.07142857142858,0.6914310455322266,0.8472468256950378,0.984537661075592
317,51.0,31.071067811865476,0.8082912733686344,0.7727272727272727,8.058239062071396,248.01960784313727,75.56862745098039,0.690383791923523,0.7721127271652222,0.9253372550010681
318,48.0,24.656854249492383,0.7014777443855144,0.9230769230769231,7.817640190446719,249.16666666666666,217.45833333333334,0.6603831648826599,0.8193559050559998,0.8913324475288391
319,41.0,29.414213562373092,0.9787324387152723,1.0,7.225151993843567,250.02439024390245,26.658536585365855,0.6866875886917114,0.7503384351730347,0.8800591230392456
320,32.0,20.242640687119284,0.8296378391034295,0.9142857142857143,6.383076486422923,249.875,139.21875,0.6767695546150208,0.7343124151229858,0.9811494946479797
321,162.0,51.31370849898476,0.870205548870893,0.9257142857142857,14.361922094451577,249.96913580246914,179.2037037037037,0.496273010969162,0.7611001133918762,0.9987679123878479
322,49.0,26.14213562373095,0.5600573414278646,0.8909090909090909,7.898654169668588,248.89795918367346,60.89795918367347,0.6585350632667542,0.7376785278320312,0.8076141476631165
323,22.0,14.828427124746192,0.6106658672991558,1.0,5.292567428401227,250.77272727272728,82.22727272727273,0.6937103271484375,0.8641095757484436,0.9237356185913086
324,76.0,31.071067811865476,0.6247686154524887,0.95,9.83698151873187,251.46052631578948,103.59210526315789,0.6585350632667542,0.759259045124054,0.9310663342475891
325,40.0,24.485281374238568,0.6985883395740226,0.851063829787234,7.136496464611085,250.675,148.075,0.6910614371299744,0.8257392048835754,0.9815807342529297
326,147.0,52.384776310850235,0.6108917978678642,0.8497109826589595,13.680870333281758,253.39455782312925,161.66666666666666,0.5918191075325012,0.8284572958946228,0.9978439211845398
327,56.0,35.86396103067893,0.9756532724424862,0.9032258064516129,8.444016491289505,253.58928571428572,169.80357142857142,0.5891702175140381,0.766504168510437,0.9560770988464355
328,55.0,35.071067811865476,0.9740675555239848,0.9322033898305084,8.368283871884005,253.43636363636364,173.2,0.5174028277397156,0.7983299493789673,0.907657265663147
329,24.0,15.65685424949238,0.8111071056538127,1.0,5.527906391541368,253.5,385.0,0.7034435868263245,0.7504517436027527,0.8251093626022339
330,21.0,14.828427124746192,0.6991440029805037,0.9130434782608695,5.170882945826411,253.95238095238096,96.95238095238095,0.7016571164131165,0.7725239992141724,0.8002833724021912
331,97.0,40.72792206135785,0.7596545274624203,0.8584070796460177,11.11324596323283,253.8659793814433,126.43298969072166,0.6871188282966614,0.8128585815429688,0.9860777258872986
332,282.0,72.79898987322333,0.9088044173662618,0.9009584664536742,18.948708441878455,250.90070921985816,261.29787234042556,0.659459114074707,0.921474814414978,0.99956876039505
333,26.0,16.48528137423857,0.7175247632452132,0.9629629629629629,5.753627391751592,253.69230769230768,395.03846153846155,0.688166081905365,0.7492903470993042,0.8424813747406006
334,29.0,17.899494936611667,0.6318055575446498,0.9354838709677419,6.076507779746499,254.9655172413793,35.44827586206897,0.6727653741836548,0.7598379254341125,0.833980143070221
335,24.0,16.48528137423857,0.6386367523053146,0.9230769230769231,5.527906391541368,256.9583333333333,149.41666666666666,0.6585966944694519,0.7624976634979248,0.8878827095031738
336,215.0,61.248737341529164,0.5603884415667271,0.9033613445378151,16.545286401814263,254.9860465116279,249.86976744186046,0.7172426581382751,0.9499654173851013,0.9994455575942993
337,99.0,41.79898987322333,0.5987224977284074,0.8389830508474576,11.227230955528665,256.979797979798,134.76767676767676,0.6703012585639954,0.7381900548934937,0.8918253183364868
338,350.0,77.55634918610404,0.45307076445369543,0.938337801608579,21.11004122822376,260.6,406.2628571428571,0.40916651487350464,0.8188180327415466,0.9993223547935486
339,155.0,53.798989873223334,0.8087368401908888,0.8659217877094972,14.048207338801282,258.86451612903227,58.67741935483871,0.6547772884368896,0.8037978410720825,0.9977207183837891
340,29.0,18.242640687119284,0.8073810291760324,0.9666666666666667,6.076507779746499,260.7586206896552,367.7931034482759,0.657734215259552,0.76820307970047,0.8998952507972717
341,210.0,61.62741699796952,0.7420904956555019,0.8571428571428571,16.351767622932517,260.4,11.747619047619047,0.5835027694702148,0.7584620714187622,0.9962422251701355
342,76.0,32.97056274847714,0.6972699717657833,0.9047619047619048,9.83698151873187,260.7894736842105,29.644736842105264,0.6681451201438904,0.8105508089065552,0.996488630771637
343,45.0,28.449747468305834,0.9609948518939035,0.9183673469387755,7.569397566060481,261.1333333333333,65.26666666666667,0.6146122217178345,0.787938117980957,0.9471446871757507
344,63.0,34.242640687119284,0.9473877138117143,0.9402985074626866,8.95623198216277,260.76190476190476,84.11111111111111,0.5658842921257019,0.8279860615730286,0.9863857626914978
345,109.0,45.89949493661167,0.9317940706779648,0.9159663865546218,11.780624362746345,262.04587155963304,89.98165137614679,0.5867676734924316,0.8174586296081543,0.9863241314888
346,88.0,36.72792206135785,0.8372614050431997,0.9072164948453608,10.585134856802455,261.96590909090907,96.29545454545455,0.5810386538505554,0.8181453943252563,0.9978439211845398
347,176.0,52.04163056034262,0.6152025679308013,0.9312169312169312,14.96964127403822,260.6818181818182,220.5965909090909,0.5955153107643127,0.8040779232978821,0.9985831379890442
348,149.0,50.87005768508881,0.5203917732065766,0.8713450292397661,13.773623058786647,260.73825503355704,42.671140939597315,0.5514076352119446,0.8055117726325989,0.9969814419746399
349,25.0,16.48528137423857,0.757979758919983,0.9615384615384616,5.641895835477563,262.84,150.48,0.7019651532173157,0.8303579092025757,0.9971662759780884
350,22.0,15.071067811865476,0.6563532960694382,0.9166666666666666,5.292567428401227,262.45454545454544,181.86363636363637,0.674490213394165,0.8373571038246155,0.9973510503768921
351,76.0,31.89949493661166,0.7034846625888872,0.95,9.83698151873187,264.13157894736844,196.1578947368421,0.6976529359817505,0.8545393943786621,0.997782289981842
352,106.0,41.520815280171306,0.6177776974158116,0.8412698412698413,11.617374563210365,263.60377358490564,388.39622641509436,0.6015523672103882,0.7338249087333679,0.9322367906570435
353,63.0,29.899494936611664,0.7781288070888173,0.9130434782608695,8.95623198216277,262.76190476190476,103.55555555555556,0.632969856262207,0.8054757118225098,0.9856465458869934
354,52.0,26.485281374238568,0.8424262995966751,0.9454545454545454,8.136857890256438,264.11538461538464,138.55769230769232,0.5872605443000793,0.8108388185501099,0.8917636871337891
355,92.0,36.72792206135785,0.43072805207803755,0.9019607843137255,10.823032759612019,260.9021739130435,210.30434782608697,0.695250391960144,0.8587955236434937,0.998213529586792
356,1513.0,215.92388155425118,0.6997814835388807,0.8052155401809473,43.89090374080148,264.24256444150694,283.0211500330469,0.6134417653083801,0.8725776076316833,1.0
357,31.0,20.242640687119287,0.8599753279006118,0.7560975609756098,6.282549314314218,268.93548387096774,43.74193548387097,0.6586582660675049,0.7600129246711731,0.9154807925224304
358,269.0,80.04163056034261,0.8584754717749904,0.7707736389684814,18.5067943613625,264.9553903345725,72.4721189591078,0.6258239150047302,0.843646764755249,0.997782289981842
359,4.0,3.2071067811865475,0.9128709291752769,0.8,2.256758334191025,265.75,141.25,0.5864596962928772,0.7363549470901489,0.8860346078872681
360,47.0,23.656854249492383,0.5306367311138155,0.9791666666666666,7.735777827895049,267.02127659574467,34.1063829787234,0.5679172277450562,0.7516340613365173,0.996488630771637
361,26.0,20.035533905932738,0.9225357955888487,0.896551724137931,5.753627391751592,268.96153846153845,47.19230769230769,0.6587198972702026,0.8207544684410095,0.9968582391738892
362,109.0,43.55634918610404,0.6572957910620849,0.9159663865546218,11.780624362746345,271.4036697247706,78.95412844036697,0.6423335075378418,0.8304800391197205,0.9591572880744934
363,35.0,21.65685424949238,0.7277903669236732,0.9210526315789473,6.6755811781245455,266.51428571428573,117.05714285714286,0.6095607876777649,0.748999834060669,0.9972278475761414
364,23.0,17.414213562373096,0.6193850506709417,0.7931034482758621,5.4115163798060095,264.5652173913044,144.65217391304347,0.585658848285675,0.7762715816497803,0.9810879230499268
365,68.0,30.485281374238568,0.7883110653901211,0.9577464788732394,9.304852983362556,266.9117647058824,19.514705882352942,0.6556397676467896,0.8375812768936157,0.9961805939674377
366,130.0,45.798989873223334,0.5695167866811349,0.8843537414965986,12.865501965161373,269.12307692307695,108.68461538461538,0.6284112334251404,0.8299916386604309,0.9691369533538818
367,160.0,51.55634918610404,0.825235489274208,0.898876404494382,14.27299292922217,266.68125,162.275,0.4332532584667206,0.8022627830505371,0.9971046447753906
368,150.0,48.97056274847714,0.8005887820243693,0.9036144578313253,13.81976597885342,269.3933333333333,208.18,0.5980409979820251,0.8482453227043152,0.9981518983840942
369,16.0,13.621320343559642,0.9596288331806001,0.8421052631578947,4.51351666838205,268.0,5.75,0.5806074142456055,0.8231534361839294,0.8921332955360413
370,16.0,13.621320343559642,0.9596288331806001,0.8421052631578947,4.51351666838205,268.0,143.25,0.5852276086807251,0.8265531063079834,0.9805334806442261
371,141.0,54.21320343559643,0.8132328495357636,0.8011363636363636,13.398760233979036,269.9148936170213,189.68085106382978,0.672703742980957,0.7910323739051819,0.996488630771637
372,350.0,76.90559159102156,0.8356538501833445,0.9408602150537635,21.11004122822376,275.2142857142857,250.84,0.5143842697143555,0.8462495803833008,0.9999383687973022
373,131.0,53.21320343559643,0.7910293240826948,0.81875,12.914889870235298,269.3587786259542,128.4351145038168,0.5817778706550598,0.7834521532058716,0.9972278475761414
374,102.0,53.31370849898476,0.9808217492949561,0.9357798165137615,11.396070970426017,269.02941176470586,241.13725490196077,0.6987001895904541,0.8786827325820923,0.9994455575942993
375,82.0,38.55634918610404,0.8111885865408461,0.780952380952381,10.217907939900583,266.3292682926829,311.3170731707317,0.6639561653137207,0.724816083908081,0.7860531210899353
376,82.0,34.31370849898476,0.6851644812206761,0.9534883720930233,10.217907939900583,267.7073170731707,53.86585365853659,0.5447545051574707,0.8130306005477905,0.9969198703765869
377,77.0,33.89949493661167,0.726510793372083,0.875,9.901487006738307,268.1948051948052,175.75324675324674,0.6735045909881592,0.7901756763458252,0.9967966675758362
378,324.0,79.21320343559643,0.8168860679338418,0.9,20.310825007719227,272.28395061728395,232.66975308641975,0.5782665014266968,0.8030281662940979,0.9996919631958008
379,10.0,8.82842712474619,0.6123724356957946,1.0,3.5682482323055424,270.2,369.0,0.6603215932846069,0.6694079637527466,0.6797264814376831
380,46.0,23.899494936611664,0.5754783582240341,0.92,7.653039857325812,270.1521739130435,380.5652173913044,0.708495020866394,0.8129119873046875,0.9283558130264282
381,43.0,22.656854249492383,0.544737981944485,0.9347826086956522,7.399277020331919,272.16279069767444,305.6046511627907,0.6658658385276794,0.7123473882675171,0.775210976600647
382,126.0,49.798989873223334,0.5594694782254676,0.8181818181818182,12.666024736934256,268.8968253968254,360.74603174603175,0.5371773838996887,0.7313615679740906,0.9109838008880615
383,37.0,26.82842712474619,0.974718110604516,1.0,6.863662517577698,273.0,54.0,0.431774765253067,0.8082168698310852,0.9969198703765869
384,16.0,13.621320343559642,0.9596288331806001,0.8421052631578947,4.51351666838205,273.0,176.75,0.5990882515907288,0.7457031607627869,0.858251690864563
385,156.0,52.76345596729059,0.6536738897302007,0.8297872340425532,14.093451279891855,274.6602564102564,352.7371794871795,0.5371773838996887,0.7609396576881409,0.9548450708389282
386,82.0,34.72792206135785,0.6326759006247483,0.8913043478260869,10.217907939900583,273.719512195122,4.7317073170731705,0.6632785201072693,0.8486528992652893,0.9956262111663818
387,137.0,48.38477631085024,0.6057422902278146,0.85625,13.207339536360731,274.5255474452555,144.31386861313868,0.6737509965896606,0.8311441540718079,0.9962422251701355
388,244.0,67.01219330881976,0.698936654762912,0.9172932330827067,17.625846048215095,272.4549180327869,337.61475409836066,0.6210805177688599,0.8046483397483826,0.9870017766952515
389,22.0,19.207106781186546,0.9880313068879251,0.8148148148148148,5.292567428401227,276.45454545454544,0.5,0.6603831648826599,0.7389129400253296,0.7966488003730774
390,61.0,31.692388155425117,0.754752633084777,0.8356164383561644,8.812923024107548,275.0,35.22950819672131,0.6582886576652527,0.8080261945724487,0.9961805939674377
391,319.0,82.2842712474619,0.664260979862133,0.8285714285714286,20.153496341094687,276.5705329153605,323.7805642633229,0.5563358664512634,0.752697765827179,0.9688905477523804
392,27.0,19.242640687119287,0.7069101408855123,0.6923076923076923,5.863230142835039,274.9259259259259,29.25925925925926,0.7070781588554382,0.7539830207824707,0.9038378596305847
393,51.0,24.48528137423857,0.2730430650304433,0.9444444444444444,8.058239062071396,276.01960784313724,155.86274509803923,0.7135464549064636,0.7788214683532715,0.8400172591209412
394,67.0,30.727922061357855,0.17056703407936075,0.9178082191780822,9.23618154310838,277.8955223880597,212.1044776119403,0.4803178608417511,0.7815523743629456,0.9980903267860413
395,64.0,32.72792206135786,0.7453313465254874,0.8648648648648649,9.0270333367641,275.125,390.921875,0.3922257125377655,0.7293437719345093,0.858251690864563
396,11.0,10.207106781186548,0.9092050376158197,0.8461538461538461,3.742410318509555,277.6363636363636,29.181818181818183,0.7519251108169556,0.7728028893470764,0.7816792726516724
397,88.0,35.59188309203678,0.7163818203088901,0.9166666666666666,10.585134856802455,277.0681818181818,181.17045454545453,0.5987186431884766,0.7389288544654846,0.8820920586585999
398,15.0,11.414213562373096,0.4898979485566354,1.0,4.370193722368317,277.4,202.6,0.6735661625862122,0.7442082762718201,0.7514938712120056
399,174.0,54.8700576850888,0.7914384623055847,0.8969072164948454,14.884343478431232,278.7758620689655,59.12643678160919,0.43078914284706116,0.7755284905433655,0.9967966675758362
400,121.0,48.52081528017131,0.6311655724570224,0.8066666666666666,12.412170838050638,277.198347107438,94.27272727272727,0.5199901461601257,0.7623721957206726,0.9744347929954529
401,148.0,52.242640687119284,0.911986535401885,0.9079754601226994,13.727325035155395,279.4189189189189,411.5472972972973,0.6733813881874084,0.8386931419372559,0.9985215067863464
402,124.0,48.970562748477136,0.6688223000992433,0.8378378378378378,12.565098628628435,280.05645161290323,85.80645161290323,0.5167868137359619,0.7588991522789001,0.9749892354011536
403,93.0,39.10660171779821,0.5914471779926866,0.8691588785046729,10.881694613449236,277.9462365591398,220.13978494623655,0.5327419638633728,0.830994725227356,0.9986447095870972
404,87.0,36.14213562373095,0.7862003468919814,0.90625,10.524820207108489,280.57471264367814,377.57471264367814,0.6479393839836121,0.7862224578857422,0.9599581360816956
405,50.0,25.44974746830583,0.5636788549044335,0.9090909090909091,7.978845608028654,282.08,29.72,0.49522578716278076,0.7693303823471069,0.9955030083656311
406,71.0,33.31370849898477,0.803017047590072,0.8658536585365854,9.507891862878783,280.40845070422534,104.07042253521126,0.6505267024040222,0.7852931022644043,0.9093821048736572
407,148.0,50.14213562373095,0.6628919074916098,0.8705882352941177,13.727325035155395,278.5743243243243,120.32432432432432,0.5219614505767822,0.7800014615058899,0.918314516544342
408,32.0,29.621320343559642,0.991754202666308,0.8421052631578947,6.383076486422923,280.75,406.96875,0.7617815732955933,0.8464643955230713,0.9985215067863464
409,4.0,3.2071067811865475,0.9128709291752769,0.8,2.256758334191025,282.75,107.25,0.6500954627990723,0.702365517616272,0.825910210609436
410,34.0,19.071067811865476,0.6335390509794568,0.9714285714285714,6.579524642479541,282.61764705882354,207.1764705882353,0.47982504963874817,0.7496113777160645,0.9520729184150696
411,177.0,58.42031021678297,0.7273142974230985,0.855072463768116,15.012108426804138,280.2542372881356,400.4858757062147,0.5546725988388062,0.7783704996109009,0.9985215067863464
412,280.0,73.01219330881976,0.6005243537183946,0.8333333333333334,18.881394877652593,287.4035714285714,47.542857142857144,0.48752540349960327,0.7978601455688477,0.9966118335723877
413,18.0,14.82842712474619,0.4280560581717703,0.782608695652174,4.787307364817192,281.6666666666667,110.05555555555556,0.6497258543968201,0.6788811683654785,0.6882277131080627
414,28.0,18.82842712474619,0.8116048023550014,0.9032258064516129,5.970821321441846,283.39285714285717,149.57142857142858,0.7091110944747925,0.7953705191612244,0.8907164335250854
415,303.0,82.18376618407356,0.875460637154652,0.8037135278514589,19.64157789116634,284.6897689768977,170.13861386138615,0.5336043834686279,0.7721843123435974,0.9951333999633789
416,264.0,65.45584412271572,0.5363107166588169,0.9010238907849829,18.333991376950163,278.8030303030303,16.71590909090909,0.49005112051963806,0.8315101861953735,0.9957494139671326
417,89.0,36.72792206135786,0.6099624406439644,0.898989898989899,10.645107772184812,283.4943820224719,130.4943820224719,0.5190660953521729,0.7944490909576416,0.9447422027587891
418,26.0,17.071067811865476,0.7282548154283781,0.9285714285714286,5.753627391751592,283.46153846153845,139.73076923076923,0.7622127532958984,0.8682266473770142,0.9454814195632935
419,21.0,14.485281374238571,0.6586748189922972,1.0,5.170882945826411,283.76190476190476,282.1904761904762,0.6970369219779968,0.7342187166213989,0.7970184087753296
420,46.0,23.65685424949238,0.7506330353770049,0.9583333333333334,7.653039857325812,286.7173913043478,64.78260869565217,0.5334811806678772,0.7486039996147156,0.9728330969810486
421,16.0,13.621320343559642,0.9596288331806001,0.8421052631578947,4.51351666838205,285.0,109.25,0.6472001671791077,0.678032398223877,0.7212468385696411
422,74.0,35.55634918610404,0.7328131285766724,0.9367088607594937,9.706684619910241,285.5945945945946,354.86486486486484,0.5542413592338562,0.7647826075553894,0.9626070261001587
423,34.0,21.65685424949238,0.7218326478356488,0.8717948717948718,6.579524642479541,284.94117647058823,389.0882352941176,0.6733813881874084,0.7477107048034668,0.8187642693519592
424,76.0,36.48528137423857,0.900146535716794,0.8941176470588236,9.83698151873187,285.4868421052632,222.55263157894737,0.6539148688316345,0.7556025981903076,0.8676769733428955
425,190.0,53.31370849898476,0.7440085509415105,0.9313725490196079,15.553633450087505,288.56315789473683,364.6684210526316,0.5432144403457642,0.781511664390564,0.9988911747932434
426,15.0,11.414213562373096,0.4898979485566355,1.0,4.370193722368317,287.4,35.4,0.7091110944747925,0.710593581199646,0.7119448184967041
427,20.0,13.65685424949238,0.2752409412815902,1.0,5.046265044040321,287.25,279.75,0.7660937309265137,0.8074970245361328,0.8763629794120789
428,137.0,48.38477631085024,0.803568148937877,0.8896103896103896,13.207339536360731,291.16058394160586,19.284671532846716,0.7311033010482788,0.8332135081291199,0.9957494139671326
429,40.0,23.313708498984763,0.43875558110218993,0.8695652173913043,7.136496464611085,289.05,108.95,0.7232797145843506,0.8496350049972534,0.9460974335670471
430,15.0,12.414213562373096,0.955076820277326,0.8823529411764706,4.370193722368317,289.0,113.0,0.6044477224349976,0.7920325398445129,0.9453582167625427
431,91.0,38.55634918610404,0.7844766134334019,0.8272727272727273,10.764051215546116,291.14285714285717,244.05494505494505,0.5146923065185547,0.8050512671470642,0.8974927663803101
432,66.0,33.071067811865476,0.9211526743267295,0.9295774647887324,9.166995688475081,291.8181818181818,336.0151515151515,0.4822275638580322,0.7993547320365906,0.9056243300437927
433,59.0,28.72792206135785,0.6461996750784051,0.8939393939393939,8.667244841319219,289.33898305084745,380.49152542372883,0.6609376072883606,0.7932929992675781,0.875007688999176
434,42.0,30.48528137423857,0.9763197181583126,0.875,7.312732791431452,289.5,402.0,0.556089460849762,0.8111430406570435,0.998213529586792
435,136.0,51.627416997969526,0.7718860795148701,0.8192771084337349,13.159049284959082,289.3897058823529,75.58088235294117,0.6942031383514404,0.7922731637954712,0.9575555920600891
436,55.0,28.035533905932738,0.664289254398776,0.8870967741935484,8.368283871884005,288.76363636363635,118.05454545454545,0.6017988324165344,0.7997378706932068,0.8984783887863159
437,165.0,49.798989873223334,0.7989848148146023,0.9217877094972067,14.494292838262302,285.8060606060606,196.33333333333334,0.682437002658844,0.8391302227973938,0.9966118335723877
438,100.0,38.31370849898476,0.6437137317594253,0.9345794392523364,11.283791670955125,290.12,143.72,0.6592127084732056,0.8648722171783447,0.9956262111663818
439,10.0,8.82842712474619,0.7905694150420949,1.0,3.5682482323055424,291.0,229.5,0.6735661625862122,0.8706707954406738,0.8971847295761108
440,93.0,46.82842712474619,0.9756162640109366,0.9393939393939394,10.881694613449236,291.6236559139785,1.7526881720430108,0.4611593782901764,0.7964985370635986,0.9966118335723877
441,223.0,65.4558441227157,0.8767780667952645,0.892,16.85029431422316,296.62331838565024,9.439461883408072,0.4878334403038025,0.8453585505485535,0.9966118335723877
442,22.0,14.828427124746192,0.6106658672991558,1.0,5.292567428401227,291.77272727272725,31.227272727272727,0.7097271084785461,0.7927957773208618,0.9957494139671326
443,235.0,68.2842712474619,0.6693370621093975,0.8639705882352942,17.297725082009,294.59148936170214,216.7404255319149,0.4244440197944641,0.7653847336769104,0.9846608638763428
444,93.0,38.142135623730944,0.5974589531924679,0.8773584905660378,10.881694613449236,291.6666666666667,259.0537634408602,0.6600135564804077,0.7870036363601685,0.9892194867134094
445,243.0,64.5269119345812,0.6828691667930287,0.8836363636363637,17.58969042850512,292.3497942386831,346.798353909465,0.4821043610572815,0.783385694026947,0.9746811985969543
446,131.0,48.520815280171306,0.840823971964561,0.8618421052631579,12.914889870235298,296.1297709923664,199.87786259541986,0.6441816091537476,0.7883917093276978,0.9553995132446289
447,90.0,36.38477631085023,0.7192812336817576,0.9,10.704744696916627,294.3888888888889,270.0444444444444,0.7075709700584412,0.808384895324707,0.8899155855178833
448,147.0,44.97056274847714,0.5214383756934109,0.9483870967741935,13.680870333281758,294.5034013605442,88.03401360544218,0.6849627494812012,0.8160046935081482,0.9521345496177673
449,23.0,15.65685424949238,0.6548708048953142,0.92,5.4115163798060095,294.2608695652174,183.3913043478261,0.8083533644676208,0.9183654189109802,0.995995819568634
450,19.0,13.656854249492381,0.7026840062083063,0.95,4.918490759365935,294.7894736842105,188.05263157894737,0.6587198972702026,0.7770428657531738,0.996057391166687
451,38.0,23.071067811865476,0.7119797648616948,0.8444444444444444,6.955796338302048,296.0,250.6315789473684,0.7404669523239136,0.7856364846229553,0.9998767971992493
452,149.0,46.72792206135785,0.6707429235361336,0.93125,13.773623058786647,295.66442953020135,131.06040268456377,0.501324474811554,0.8011966943740845,0.9961190223693848
453,16.0,13.621320343559642,0.9596288331806001,0.8421052631578947,4.51351666838205,297.0,22.75,0.5552886128425598,0.743323802947998,0.8089693784713745
454,71.0,32.59188309203678,0.7473241534277426,0.8554216867469879,9.507891862878783,297.2112676056338,171.8732394366197,0.7094807028770447,0.8796565532684326,0.9963037967681885
455,30.0,20.242640687119284,0.8319585449772066,0.9090909090909091,6.180387232371033,298.4,31.2,0.44064560532569885,0.6561654210090637,0.7867307066917419
456,87.0,38.520815280171306,0.7986732320785441,0.8613861386138614,10.524820207108489,296.2758620689655,234.10344827586206,0.4846300780773163,0.7314502596855164,0.9999383687973022
457,73.0,32.72792206135786,0.6822906433876416,0.8902439024390244,9.640875829802336,301.63013698630135,24.10958904109589,0.5554118156433105,0.7796548008918762,0.9630382657051086
458,55.0,30.242640687119284,0.9383940488956162,0.9322033898305084,8.368283871884005,303.0,35.29090909090909,0.6631553173065186,0.7321551442146301,0.9324831962585449
459,138.0,49.79898987322333,0.850126070443159,0.8903225806451613,13.255453865237978,297.9710144927536,103.31884057971014,0.5804842114448547,0.8680845499038696,0.9974126815795898
460,51.0,24.828427124746188,0.6109397744210839,0.9807692307692307,8.058239062071396,300.7647058823529,177.2549019607843,0.7178586721420288,0.8384831547737122,0.9321135878562927
461,41.0,23.071067811865476,0.7974183906699948,0.9111111111111111,7.225151993843567,300.8780487804878,226.3658536585366,0.6945111751556396,0.7787058353424072,0.9098133444786072
462,19.0,13.656854249492381,0.7026840062083063,0.95,4.918490759365935,300.05263157894734,243.21052631578948,0.6898293495178223,0.7891396880149841,0.8135280013084412
463,25.0,17.071067811865476,0.818509140513567,0.9615384615384616,5.641895835477563,299.0,357.44,0.7582702040672302,0.8442924618721008,0.9683977365493774
464,133.0,42.72792206135785,0.677893221165796,0.95,13.013103375051497,299.85714285714283,145.21804511278197,0.6430727243423462,0.8299115896224976,0.9961805939674377
465,148.0,46.72792206135786,0.7266222240302563,0.9192546583850931,13.727325035155395,301.22297297297297,372.2837837837838,0.6597055196762085,0.7978383898735046,0.9674120545387268
466,29.0,18.485281374238568,0.6828526774064256,0.8787878787878788,6.076507779746499,302.9655172413793,212.0,0.6586582660675049,0.7193243503570557,0.748228907585144
467,121.0,49.31370849898477,0.901452339855064,0.8461538461538461,12.412170838050638,300.56198347107437,59.082644628099175,0.6131337285041809,0.7777209281921387,0.9456046223640442
468,36.0,19.899494936611667,0.5762418774574749,0.972972972972973,6.770275002573076,303.72222222222223,357.9166666666667,0.6901373863220215,0.7460951209068298,0.9665496349334717
469,753.0,115.59797974644667,0.3895770164329469,0.9105199516324063,30.96367835360614,304.0199203187251,396.2828685258964,0.46263784170150757,0.8797098398208618,0.9992607831954956
470,136.0,48.384776310850235,0.6753731846832773,0.8607594936708861,13.159049284959082,300.33088235294116,69.08823529411765,0.6147354245185852,0.8028453588485718,0.9979054927825928
471,96.0,39.384776310850235,0.8275812921919089,0.9056603773584906,11.055812783082736,305.15625,96.67708333333333,0.5211606025695801,0.8406422734260559,0.9979054927825928
472,429.0,93.94112549695429,0.7819664553197864,0.8956158663883089,23.371344948277684,305.006993006993,116.25174825174825,0.4476067125797272,0.811911940574646,0.9975358843803406
473,117.0,41.55634918610404,0.6400161390297241,0.9435483870967742,12.205286835384658,303.6068376068376,188.87179487179486,0.6417174935340881,0.8221081495285034,0.9975975155830383
474,39.0,23.07106781186548,0.7319766161297938,0.8863636363636364,7.046725639945928,303.64102564102564,204.5897435897436,0.6592127084732056,0.8429330587387085,0.9979671239852905
475,26.0,17.071067811865476,0.7310178985292686,0.896551724137931,5.753627391751592,305.88461538461536,18.03846153846154,0.7085566520690918,0.7491980195045471,0.810509443283081
476,80.0,32.72792206135786,0.6878229282238608,0.9411764705882353,10.092530088080641,304.9,45.25,0.6760919094085693,0.7686895132064819,0.9512720704078674
477,131.0,48.49137802864845,0.7677755605171779,0.8238993710691824,12.914889870235298,303.7251908396947,267.1145038167939,0.6585966944694519,0.752429187297821,0.8752540946006775
478,127.0,56.828427124746185,0.9815869430439509,1.0,12.716187407449045,305.21259842519686,413.03937007874015,0.7311649322509766,0.8623490929603577,0.9991375803947449
479,16.0,13.621320343559642,0.9596288331806001,0.8421052631578947,4.51351666838205,306.25,55.0,0.617877185344696,0.7510510683059692,0.8221523761749268
480,410.0,88.66904755831214,0.8250823075687908,0.9151785714285714,22.847936741452536,304.49024390243903,160.39268292682928,0.5581223368644714,0.8175294995307922,0.9966734647750854
481,118.0,48.798989873223334,0.8564314375162645,0.7972972972972973,12.257335203001883,311.1271186440678,364.6779661016949,0.6719028949737549,0.8267319202423096,0.9683977365493774
482,58.0,31.071067811865472,0.83905862961642,0.8787878787878788,8.593479713983122,307.7931034482759,51.258620689655174,0.7153329849243164,0.8105689287185669,0.9584180116653442
483,114.0,42.14213562373095,0.5636533092837264,0.8837209302325582,12.047792665040703,309.8333333333333,143.92105263157896,0.5859668850898743,0.8728012442588806,0.9823199510574341
484,47.0,27.313708498984763,0.8523741988945096,0.8103448275862069,7.735777827895049,309.8723404255319,64.97872340425532,0.6152282357215881,0.7632929086685181,0.9242900013923645
485,79.0,35.31370849898476,0.7187072030278724,0.8876404494382022,10.02925341359355,307.53164556962025,134.74683544303798,0.5743238925933838,0.8261558413505554,0.941292405128479
486,43.0,24.035533905932738,0.8373120793604462,0.9555555555555556,7.399277020331919,307.16279069767444,176.37209302325581,0.7211852669715881,0.7903051376342773,0.9338384866714478
487,23.0,15.65685424949238,0.7064057044769322,0.92,5.4115163798060095,307.7826086956522,227.43478260869566,0.7838354110717773,0.8220988512039185,0.8642271757125854
488,26.0,17.071067811865476,0.7282548154283781,0.9285714285714286,5.753627391751592,308.53846153846155,354.7307692307692,0.7068317532539368,0.8022902607917786,0.901989758014679
489,44.0,24.242640687119284,0.7458451671479821,0.9361702127659575,7.48482063701911,309.8636363636364,375.09090909090907,0.5484507083892822,0.78704434633255,0.9106757640838623
490,56.0,27.071067811865476,0.5998079268248598,0.9032258064516129,8.444016491289505,309.76785714285717,3.517857142857143,0.7094190716743469,0.8223559260368347,0.9507792592048645
491,253.0,65.69848480983501,0.8212556428152059,0.900355871886121,17.94796937867892,311.0790513833992,86.62450592885375,0.5237479209899902,0.8122314214706421,0.9981518983840942
492,39.0,24.863961030678926,0.86289375429528,0.8863636363636364,7.046725639945928,312.8205128205128,68.38461538461539,0.6487402319908142,0.7635648250579834,0.807490885257721
493,82.0,36.384776310850235,0.7615228627032149,0.8723404255319149,10.217907939900583,312.0243902439024,129.390243902439,0.6168299317359924,0.7972002029418945,0.9251524806022644
494,44.0,23.449747468305834,0.6622079654829002,0.9777777777777777,7.48482063701911,312.6136363636364,177.22727272727272,0.7050452828407288,0.7484796047210693,0.8616398572921753
495,129.0,43.55634918610405,0.5698919658255082,0.9084507042253521,12.815923738491737,313.37984496124034,198.2325581395349,0.6772623658180237,0.7862403392791748,0.8540011048316956
496,169.0,58.384776310850235,0.820659926847654,0.8203883495145631,14.668929172241665,316.0118343195266,75.10059171597634,0.6131953597068787,0.823896586894989,0.9983983039855957
497,98.0,39.31370849898477,0.7837398105396746,0.9245283018867925,11.170383851240114,313.3061224489796,27.367346938775512,0.682375431060791,0.7797614336013794,0.9525657892227173
498,94.0,37.10660171779822,0.5771940184177506,0.8785046728971962,10.940041919714261,314.09574468085106,185.11702127659575,0.6730733513832092,0.7812637686729431,0.8819072246551514
499,261.0,76.87005768508881,0.9158641498817658,0.8758389261744967,18.229523339239496,315.6858237547893,251.49808429118775,0.5376085638999939,0.7800276279449463,0.9998767971992493
500,23.0,15.071067811865474,0.7456945631490607,1.0,5.4115163798060095,314.39130434782606,355.0869565217391,0.6840386986732483,0.7234912514686584,0.8751925230026245
501,47.0,28.48528137423857,0.9278334713331016,0.94,7.735777827895049,315.468085106383,12.680851063829786,0.7100350856781006,0.770399272441864,0.9980903267860413
502,22.0,15.899494936611665,0.741246739796688,0.9166666666666666,5.292567428401227,317.04545454545456,124.04545454545455,0.6666666865348816,0.7555904984474182,0.8308384418487549
503,320.0,78.04163056034261,0.869477018419165,0.9014084507042254,20.185060176161283,313.1875,238.925,0.4890654981136322,0.8059433698654175,0.9574940204620361
504,90.0,38.72792206135785,0.6182385487639972,0.8411214953271028,10.704744696916627,315.72222222222223,39.91111111111111,0.6879196763038635,0.818461000919342,0.9558923244476318
505,50.0,25.9350288425444,0.5350070067718867,0.9259259259259259,7.978845608028654,317.18,172.9,0.7103431224822998,0.7771626114845276,0.863549530506134
506,58.0,35.31370849898476,0.9433852779469876,0.7945205479452054,8.593479713983122,314.58620689655174,207.70689655172413,0.4701533913612366,0.7825406789779663,0.8920717239379883
507,44.0,23.414213562373096,0.8358624590255322,1.0,7.48482063701911,317.90909090909093,212.04545454545453,0.4712006449699402,0.8542782068252563,0.9517033100128174
508,136.0,54.04163056034261,0.8757296128542293,0.7555555555555555,13.159049284959082,315.6029411764706,225.02205882352942,0.6787408590316772,0.7919800877571106,0.9927924871444702
509,270.0,64.87005768508881,0.8083165326455796,0.9215017064846417,18.5411616971131,313.24444444444447,344.54814814814813,0.4201934337615967,0.7561939358711243,0.992546021938324
510,151.0,55.00609665440988,0.6036234880367582,0.8162162162162162,13.86575534383214,315.96026490066225,263.49668874172187,0.6584734916687012,0.790798544883728,0.9838600158691406
511,25.0,15.899494936611665,0.3881555064577865,0.9615384615384616,5.641895835477563,318.44,357.6,0.6783711910247803,0.8288646936416626,0.9743115901947021
512,12.0,10.0,0.6831300510639732,1.0,3.9088200952233594,318.5,373.0,0.6597671508789062,0.849088191986084,0.9029754400253296
513,100.0,42.72792206135786,0.27922576357741047,0.8547008547008547,11.283791670955125,317.78,51.25,0.6977761387825012,0.809988260269165,0.971293032169342
514,74.0,37.48528137423857,0.8122425652847506,0.8043478260869565,9.706684619910241,320.06756756756755,60.7027027027027,0.6989465951919556,0.8156091570854187,0.9990143775939941
515,58.0,26.970562748477143,0.6178205770890485,0.9508196721311475,8.593479713983122,321.36206896551727,335.63793103448273,0.4171132743358612,0.7202432155609131,0.8795047402381897
516,133.0,42.97056274847714,0.6144567676693933,0.9236111111111112,13.013103375051497,320.21804511278197,151.90225563909775,0.5851044058799744,0.7737940549850464,0.8926877379417419
517,59.0,28.485281374238568,0.7422444517843864,0.921875,8.667244841319219,322.08474576271186,161.98305084745763,0.6825602054595947,0.791078507900238,0.998275101184845
518,60.0,32.48528137423857,0.8003643655809599,0.821917808219178,8.740387444736633,323.0833333333333,184.5,0.43349966406822205,0.7607250809669495,0.9985215067863464
519,46.0,23.313708498984756,0.6150872020932951,0.9583333333333334,7.653039857325812,323.39130434782606,203.52173913043478,0.6867492198944092,0.831398069858551,0.9990143775939941
520,80.0,32.97056274847714,0.7087601350252284,0.9195402298850575,10.092530088080641,323.525,25.1625,0.7115135788917542,0.8641517758369446,0.954537034034729
521,23.0,15.071067811865474,0.5895968607045851,1.0,5.4115163798060095,323.39130434782606,127.65217391304348,0.6673442721366882,0.7027739882469177,0.7528491616249084
522,21.0,16.449747468305834,0.853793461805083,0.875,5.170882945826411,326.2857142857143,181.0,0.6659274101257324,0.7105485200881958,0.7452719807624817
523,115.0,43.59188309203678,0.6606921971720149,0.8646616541353384,12.100518486599809,327.67826086956524,51.74782608695652,0.5130906105041504,0.7815920114517212,0.9890346527099609
524,24.0,18.656854249492383,0.6433383815761788,0.6666666666666666,5.527906391541368,327.4166666666667,162.04166666666666,0.6648801565170288,0.7697796821594238,0.9983367323875427
525,16.0,12.207106781186548,0.8514055971008102,0.9411764705882353,4.51351666838205,328.1875,164.9375,0.6683299541473389,0.8775064945220947,0.9476991295814514
526,16.0,12.242640687119286,0.6642297420901242,1.0,4.51351666838205,326.1875,1.1875,0.7620279788970947,0.8063358664512634,0.8382307887077332
527,317.0,83.94112549695429,0.33700219722063385,0.7984886649874056,20.090219901261573,327.4511041009464,138.76971608832807,0.559662401676178,0.7920293807983398,0.9675352573394775
528,126.0,44.72792206135786,0.32419734617737883,0.9130434782608695,12.666024736934256,326.57142857142856,172.8968253968254,0.7076942324638367,0.8001342415809631,0.9231811761856079
529,66.0,29.31370849898476,0.6269583164021122,0.9166666666666666,9.166995688475081,326.3636363636364,220.45454545454547,0.6966056823730469,0.7648710608482361,0.8815991878509521
530,154.0,49.04163056034262,0.610707057421093,0.8700564971751412,14.002817212590296,326.88961038961037,351.35064935064935,0.5416127443313599,0.7955079674720764,0.9418468475341797
531,26.0,17.071067811865476,0.7835908469218076,0.9629629629629629,5.753627391751592,328.46153846153845,63.92307692307692,0.6598287224769592,0.8287652730941772,0.8426661491394043
532,33.0,19.899494936611667,0.7760836303926012,0.9428571428571428,6.4820448144285745,327.93939393939394,197.3939393939394,0.6650033593177795,0.8444470763206482,0.9708002209663391
533,54.0,27.899494936611664,0.8254785198952426,0.8709677419354839,8.291859587312052,328.2037037037037,213.0,0.6587198972702026,0.7289038896560669,0.8245549201965332
534,62.0,29.449747468305834,0.7247324936638765,0.9393939393939394,8.884866446580956,329.6290322580645,240.98387096774192,0.6610608100891113,0.7466868162155151,0.8279430866241455
535,19.0,14.828427124746192,0.9109659701031064,1.0,4.918490759365935,330.0,73.0,0.903221845626831,0.9346782565116882,0.9666112065315247
536,69.0,30.313708498984756,0.6667680612889538,0.8846153846153846,9.373021315815206,328.2173913043478,231.46376811594203,0.6590895056724548,0.7997584342956543,0.9935317039489746
537,23.0,15.071067811865474,0.7456945631490605,1.0,5.4115163798060095,331.0869565217391,25.608695652173914,0.7131768465042114,0.8629817366600037,0.9809030890464783
538,12.0,9.621320343559642,0.92158211354721,0.8571428571428571,3.9088200952233594,333.0,171.75,0.7341218590736389,0.7488090395927429,0.7885172367095947
539,24.0,15.65685424949238,0.8111071056538127,1.0,5.527906391541368,334.0,277.5,0.665681004524231,0.6894264221191406,0.7072629928588867
540,414.0,87.01219330881976,0.750797554241447,0.8734177215189873,22.959119571977435,332.77536231884056,13.229468599033817,0.4853692948818207,0.8047002553939819,1.0
541,25.0,16.242640687119284,0.8200301352030006,1.0,5.641895835477563,336.88,69.56,0.7072629928588867,0.8406702280044556,0.9658103585243225
542,14.0,10.82842712474619,0.2036532699906393,1.0,4.222008245644752,335.2857142857143,236.5,0.7167498469352722,0.7575969696044922,0.7695435285568237
543,16.0,12.0,0.0,1.0,4.51351666838205,335.5,345.5,0.7434238791465759,0.9365990161895752,0.9665496349334717
544,30.0,20.48528137423857,0.38447172223484083,0.8333333333333334,6.180387232371033,336.8,172.46666666666667,0.6587814688682556,0.8026407361030579,0.9996919631958008
545,72.0,32.55634918610404,0.7948859926776561,0.8888888888888888,9.574614729634384,334.9166666666667,227.18055555555554,0.6301361322402954,0.7705334424972534,0.8952134251594543
546,92.0,39.656854249492376,0.9278412306114688,0.9787234042553191,10.823032759612019,337.0,2.3152173913043477,0.6605063676834106,0.8650152087211609,1.0
547,225.0,73.1126983722081,0.6302629084831771,0.8152173913043478,16.925687506432688,333.4577777777778,38.85333333333333,0.5121665596961975,0.8106250166893005,0.969506561756134
548,124.0,43.21320343559642,0.7252028258710498,0.9117647058823529,12.565098628628435,337.9032258064516,57.70161290322581,0.6630936861038208,0.8046953678131104,0.9922380447387695
549,63.0,30.727922061357855,0.8605427748793146,0.9,8.95623198216277,335.42857142857144,338.015873015873,0.4453890323638916,0.7861263751983643,0.8853569626808167
550,182.0,61.59188309203678,0.8045263780165659,0.8125,15.222667215103916,337.7362637362637,155.36813186813185,0.6363580226898193,0.8388867974281311,0.9883570671081543
551,87.0,36.27817459305202,0.8201130209810344,0.8969072164948454,10.524820207108489,339.7586206896552,166.3793103448276,0.7408981919288635,0.8198610544204712,0.99956876039505
552,120.0,51.798989873223334,0.6304861324459363,0.7643312101910829,12.360774464742066,335.825,184.79166666666666,0.4294954836368561,0.7189270257949829,0.9552146792411804
553,170.0,54.04163056034262,0.8043742359401311,0.8994708994708994,14.712264360219255,341.20588235294116,221.74117647058824,0.5451857447624207,0.7551161050796509,0.9077188372612
554,22.0,19.621320343559642,0.9817673765280602,0.8461538461538461,5.292567428401227,341.0,38.77272727272727,0.7343066334724426,0.8253698348999023,0.9741883873939514
555,44.0,21.899494936611667,0.3690225758966066,0.9777777777777777,7.48482063701911,340.52272727272725,136.04545454545453,0.6910614371299744,0.8027222156524658,0.9842912554740906
556,57.0,31.899494936611664,0.6440582917182679,0.7916666666666666,8.51907589177983,341.280701754386,191.9298245614035,0.6829298138618469,0.8020828366279602,0.9182529449462891
557,47.0,26.14213562373095,0.7183989094718042,0.8867924528301887,7.735777827895049,342.5531914893617,27.872340425531913,0.7264214754104614,0.819747269153595,0.958048403263092
558,13.0,10.828427124746192,0.784101278416771,1.0,4.068428945128219,342.0,235.69230769230768,0.6584118604660034,0.6685195565223694,0.6816361546516418
559,12.0,10.621320343559642,0.5449362202351682,0.9230769230769231,3.9088200952233594,342.25,311.75,0.6640793681144714,0.6741206049919128,0.6879812479019165
560,1068.0,154.71067811865478,0.7206558274526725,0.8746928746928747,36.875735026940866,335.28183520599254,374.5383895131086,0.5193125009536743,0.8369676470756531,0.9998767971992493
561,242.0,64.38477631085023,0.4809437154867509,0.9307692307692308,17.55346033766304,341.6198347107438,205.95454545454547,0.579929769039154,0.7946790456771851,0.9698145985603333
562,53.0,32.14213562373095,0.9106295078523791,0.8412698412698413,8.214724333230155,344.8679245283019,322.47169811320754,0.6517587900161743,0.6996346116065979,0.7836505770683289
563,6.0,5.414213562373095,0.8164965809277259,1.0,2.763953195770684,348.6666666666667,322.3333333333333,0.5531941056251526,0.5753711462020874,0.6621696352958679
564,33.0,22.828427124746188,0.8611254542937178,0.868421052631579,6.4820448144285745,349.8181818181818,1.4545454545454546,0.6043245196342468,0.7392479181289673,0.8631799221038818
565,223.0,63.76955262170047,0.735111522524814,0.8643410852713178,16.85029431422316,349.4439461883408,144.03587443946188,0.5142610669136047,0.7647338509559631,0.9188689589500427
566,121.0,41.692388155425114,0.785119885803446,0.9453125,12.412170838050638,347.3471074380165,178.73553719008265,0.47428077459335327,0.8098827600479126,0.9993223547935486
567,54.0,26.48528137423857,0.7013495394024134,0.9473684210526315,8.291859587312052,349.75925925925924,18.537037037037038,0.7039980292320251,0.8686717748641968,1.0
568,53.0,27.071067811865476,0.7689642656065026,0.9636363636363636,8.214724333230155,350.4339622641509,166.67924528301887,0.7512474656105042,0.9112313389778137,0.9988911747932434
569,86.0,33.89949493661166,0.6095256960028053,0.9247311827956989,10.464157913908982,350.1279069767442,10.372093023255815,0.554302990436554,0.8126928806304932,1.0
570,71.0,30.242640687119284,0.6830043006504799,0.9466666666666667,9.507891862878783,352.38028169014086,60.84507042253521,0.6681451201438904,0.7156174778938293,0.7648617029190063
571,376.0,82.87005768508881,0.7259494647065111,0.910411622276029,21.880083839428522,349.65425531914894,347.1755319148936,0.4516725242137909,0.8205801844596863,0.9986447095870972
572,136.0,51.556349186104036,0.8434493788169305,0.9006622516556292,13.159049284959082,353.9117647058824,360.1397058823529,0.5751863718032837,0.7698284387588501,0.941292405128479
573,31.0,19.31370849898476,0.7873245692243517,0.9393939393939394,6.282549314314218,351.8709677419355,156.90322580645162,0.7116984128952026,0.7668807506561279,0.8174706101417542
574,68.0,30.86396103067893,0.8022829851591807,0.9315068493150684,9.304852983362556,353.0882352941176,172.5735294117647,0.47668328881263733,0.8247579336166382,0.9614982008934021
575,214.0,64.62741699796952,0.587459759493173,0.8359375,16.50676414605009,356.47196261682245,208.83644859813083,0.5533789396286011,0.8289627432823181,0.9984599351882935
576,438.0,89.94112549695429,0.5848522644888801,0.8812877263581489,23.615226456547084,351.89269406392697,44.054794520547944,0.5921887755393982,0.8195183873176575,1.0
577,11.0,9.414213562373096,0.7084437526351621,1.0,3.742410318509555,352.6363636363636,291.09090909090907,0.661615252494812,0.6988402009010315,0.7119448184967041
578,123.0,42.97056274847714,0.7487474381142644,0.9318181818181818,12.514330345744634,355.4878048780488,221.5121951219512,0.6565638184547424,0.7673638463020325,0.9543522596359253
579,353.0,94.76955262170047,0.855970247109836,0.8325471698113207,21.200319792199185,350.9971671388102,305.8385269121813,0.5615721344947815,0.7336155772209167,0.9322367906570435
580,140.0,48.66295090390226,0.6438078638303988,0.8641975308641975,13.351162356249091,356.9642857142857,25.514285714285716,0.6725805401802063,0.8131429553031921,1.0
581,119.0,45.21320343559643,0.5320494747205583,0.815068493150685,12.309163489997376,355.546218487395,194.52941176470588,0.693956732749939,0.82466721534729,0.945235013961792
582,37.0,27.65685424949238,0.9685080465953478,0.8809523809523809,6.863662517577698,357.4054054054054,310.7567567567568,0.6171995401382446,0.7673940658569336,0.8753157258033752
583,158.0,51.79898987322332,0.5978209923907534,0.88268156424581,14.183506197980657,353.05696202531647,332.87974683544303,0.5493131279945374,0.7585119009017944,0.9756052494049072
584,114.0,41.692388155425114,0.38843309053142283,0.890625,12.047792665040703,359.5263157894737,8.096491228070175,0.6971601247787476,0.7964006662368774,1.0
585,10.0,8.82842712474619,0.6123724356957945,1.0,3.5682482323055424,359.0,127.8,0.6750446557998657,0.6759748458862305,0.6770775318145752
586,97.0,37.79898987322333,0.5935245719457922,0.8981481481481481,11.11324596323283,358.8453608247423,161.51546391752578,0.661676824092865,0.8462276458740234,0.998275101184845
587,46.0,25.31370849898476,0.6387746094359414,0.8518518518518519,7.653039857325812,358.7826086956522,184.8695652173913,0.6780632138252258,0.7780876159667969,0.8905316591262817
588,150.0,52.17766952966368,0.7868294923643793,0.8426966292134831,13.81976597885342,363.28,332.12666666666667,0.6492946743965149,0.7826045751571655,0.9375962615013123
589,2192.0,205.74011537017762,0.8296619133916914,0.9292072912250954,52.829358145442924,356.26870437956205,398.06660583941607,0.582209050655365,0.9500454068183899,1.0
590,56.0,29.071067811865476,0.8241995969388684,0.9180327868852459,8.444016491289505,362.2857142857143,16.267857142857142,0.6725805401802063,0.8109659552574158,1.0
591,14.0,10.82842712474619,0.2036532699906393,1.0,4.222008245644752,362.5,35.714285714285715,0.7782911062240601,0.8417729735374451,0.8499969244003296
592,15.0,11.414213562373096,0.4898979485566354,1.0,4.370193722368317,362.4,202.6,0.7918437719345093,0.8630362153053284,0.8706339001655579
593,100.0,39.55634918610405,0.6341420508424764,0.8620689655172413,11.283791670955125,362.6,148.54,0.6658658385276794,0.8006752133369446,0.9637159109115601
594,19.0,14.828427124746192,0.9062955427702903,1.0,4.918490759365935,364.0,225.89473684210526,0.6765231490135193,0.8413822650909424,0.8896076083183289
595,75.0,35.31370849898476,0.9026716077413022,0.9146341463414634,9.772050238058398,362.44,172.61333333333334,0.6792952418327332,0.7615474462509155,0.997782289981842
596,148.0,52.62741699796952,0.8524262737641524,0.8654970760233918,13.727325035155395,367.68243243243245,43.891891891891895,0.5647138357162476,0.801644504070282,1.0
597,81.0,38.72792206135785,0.9362306916151572,0.8804347826086957,10.155412503859614,368.95061728395063,171.7283950617284,0.6829914450645447,0.8041468262672424,0.997782289981842
598,152.0,58.04163056034262,0.9192360979004783,0.8216216216216217,13.911592676604096,364.73026315789474,133.15131578947367,0.5713669657707214,0.7836230397224426,0.9865089654922485
599,46.0,23.65685424949238,0.7506330353770049,0.9583333333333334,7.653039857325812,367.2173913043478,186.2826086956522,0.49146798253059387,0.7220904231071472,0.8167929649353027
600,9.0,7.0,0.9912266368853596,0.75,3.385137501286538,369.44444444444446,134.44444444444446,0.6865028142929077,0.844110369682312,0.9868170022964478
601,21.0,14.828427124746192,0.6991440029805038,0.9130434782608695,5.170882945826411,369.04761904761904,144.04761904761904,0.7502002120018005,0.8608537316322327,0.9215179085731506
602,314.0,76.14823227814082,0.8049201802545104,0.8579234972677595,19.994929783493642,366.1592356687898,315.28662420382165,0.5582455396652222,0.7695742845535278,0.9686441421508789
603,122.0,45.79898987322333,0.8256101979862861,0.8591549295774648,12.463355264843006,370.9344262295082,25.39344262295082,0.6639561653137207,0.7949243187904358,0.9212098717689514
604,37.0,23.86396103067893,0.4660420226390345,0.7254901960784313,6.863662517577698,372.8918918918919,133.13513513513513,0.5465409755706787,0.748290479183197,0.9866321682929993
605,137.0,48.48528137423857,0.792783377724836,0.9319727891156463,13.207339536360731,371.45985401459853,4.007299270072993,0.4849380850791931,0.7805892825126648,0.9787470102310181
606,60.0,29.313708498984763,0.7176771633647816,0.8823529411764706,8.740387444736633,373.3333333333333,139.23333333333332,0.5405654907226562,0.7490841746330261,0.8765477538108826
607,21.0,18.82842712474619,0.9809172055374548,0.875,5.170882945826411,371.9047619047619,311.04761904761904,0.6773239970207214,0.8043990135192871,0.8743916749954224
608,22.0,14.82842712474619,0.7728365157495385,1.0,5.292567428401227,374.5,52.5,0.8094006180763245,0.9142963886260986,0.9403067827224731
609,11.0,9.0,0.9943203448568411,0.7333333333333333,3.742410318509555,373.6363636363636,312.3636363636364,0.6663586497306824,0.8148049712181091,0.8757469058036804
610,49.0,25.556349186104043,0.7351627641875271,0.9245283018867925,7.898654169668588,373.6938775510204,16.183673469387756,0.6915542483329773,0.7579935789108276,0.9165896773338318
611,153.0,50.97056274847714,0.8446115166459923,0.9,13.957279475043833,373.437908496732,192.2549019607843,0.47594407200813293,0.7873721122741699,0.9965502619743347
612,90.0,38.97056274847714,0.8244595061693175,0.8490566037735849,10.704744696916627,376.85555555555555,328.0111111111111,0.704922080039978,0.8262969851493835,0.9425860643386841
613,18.0,14.242640687119286,0.899994626486704,1.0,4.787307364817192,376.05555555555554,67.83333333333333,0.6723957657814026,0.7255384922027588,0.7900573015213013
614,35.0,21.65685424949238,0.6572125339698682,0.9210526315789473,6.6755811781245455,375.65714285714284,182.88571428571427,0.6784944534301758,0.8513468503952026,0.9963654279708862
615,110.0,42.520815280171306,0.7473795506837607,0.88,11.834540545406394,375.3363636363636,201.79090909090908,0.6220661401748657,0.7621802687644958,0.996488630771637
616,69.0,35.21320343559643,0.8700644168669462,0.8625,9.373021315815206,379.4927536231884,8.855072463768115,0.6584118604660034,0.778530478477478,0.9773917198181152
617,169.0,56.62741699796952,0.6384461885934578,0.8535353535353535,14.668929172241665,373.9585798816568,218.2662721893491,0.6675291061401367,0.8246453404426575,0.9628534317016602
618,127.0,51.83452377915606,0.8091456145831828,0.8037974683544303,12.716187407449045,380.6456692913386,127.58267716535433,0.4169284701347351,0.7407196760177612,0.9100597500801086
619,12.0,9.65685424949238,0.0,1.0,3.9088200952233594,379.5,229.5,0.7386804819107056,0.7425921559333801,0.746504008769989
620,74.0,32.14213562373095,0.6610547468908947,0.925,9.706684619910241,381.0945945945946,21.27027027027027,0.6621080636978149,0.7974637746810913,0.9574323892593384
621,93.0,39.31370849898476,0.8066698429971955,0.8454545454545455,10.881694613449236,379.97849462365593,41.333333333333336,0.5849812030792236,0.7677403688430786,1.0
622,616.0,124.81118318204308,0.37818263072446845,0.8246318607764391,28.00563442518059,381.68506493506493,156.3327922077922,0.5505451560020447,0.7983888983726501,0.9875562191009521
623,126.0,48.8700576850888,0.8652685409848689,0.8571428571428571,12.666024736934256,383.4920634920635,215.6984126984127,0.6589663028717041,0.7683490514755249,0.9358713626861572
624,29.0,19.071067811865476,0.7758519972522496,0.8787878787878788,6.076507779746499,381.3448275862069,174.51724137931035,0.6589663028717041,0.8246652483940125,0.9961190223693848
625,551.0,111.01219330881976,0.7621085310066068,0.8223880597014925,26.486883341553696,376.6733212341198,301.84392014519057,0.5600320100784302,0.8119394779205322,0.9980286955833435
626,35.0,21.071067811865476,0.7551038803106878,0.9210526315789473,6.6755811781245455,384.6857142857143,104.25714285714285,0.6967905163764954,0.7041739821434021,0.7249430418014526
627,53.0,27.071067811865476,0.816154847252881,0.9298245614035088,8.214724333230155,384.92452830188677,28.18867924528302,0.6828066110610962,0.8198917508125305,1.0
628,111.0,42.142135623730944,0.7994320647735195,0.9024390243902439,11.888212206450685,384.9099099099099,183.2882882882883,0.4750816226005554,0.7452431321144104,0.9958726167678833
629,30.0,18.242640687119284,0.745645487994699,0.967741935483871,6.180387232371033,386.3,9.8,0.6828066110610962,0.8281915783882141,0.9570627808570862
630,15.0,11.414213562373096,0.4898979485566354,1.0,4.370193722368317,386.4,35.6,0.663463294506073,0.9432554841041565,0.9812111258506775
631,70.0,34.242640687119284,0.920654565389747,0.9333333333333333,9.440697438826296,385.2857142857143,63.15714285714286,0.6688843965530396,0.7776187658309937,0.9944557547569275
632,148.0,47.45584412271571,0.7062083117490349,0.9192546583850931,13.727325035155395,389.18243243243245,136.07432432432432,0.63691246509552,0.8258244395256042,0.9958109855651855
633,195.0,57.59188309203678,0.7335146178993991,0.9027777777777778,15.756957549709801,390.20512820512823,198.6769230769231,0.6062341928482056,0.8076321482658386,0.995995819568634
634,97.0,59.071067811865476,0.9918729533170542,0.9326923076923077,11.11324596323283,388.2886597938144,303.9381443298969,0.5902174711227417,0.7849938273429871,0.965933620929718
635,293.0,74.2842712474619,0.6867695190563868,0.8443804034582133,19.314740138231286,390.23549488054607,51.52901023890785,0.5870140790939331,0.8074194192886353,0.9807798862457275
636,101.0,39.72792206135786,0.701970059096526,0.9181818181818182,11.340070282773887,389.5940594059406,208.97029702970298,0.4976899027824402,0.8086607456207275,0.9618061780929565
637,78.0,34.72792206135786,0.8157717391926897,0.896551724137931,9.965574970333758,387.0897435897436,281.06410256410254,0.6753526926040649,0.7422147393226624,0.9203474521636963
638,47.0,23.071067811865476,0.481531292439618,0.9791666666666666,7.735777827895049,387.82978723404256,322.9148936170213,0.6582886576652527,0.7469758987426758,0.8898540139198303
639,21.0,14.485281374238568,0.6637312870134578,0.9545454545454546,5.170882945826411,389.9047619047619,224.42857142857142,0.7158873677253723,0.8059185743331909,0.9166512489318848
640,48.0,26.278174593052025,0.8150742970893522,0.9056603773584906,7.817640190446719,390.8541666666667,17.0625,0.6815129518508911,0.8412492871284485,1.0
641,19.0,13.65685424949238,0.7584691145965127,1.0,4.918490759365935,390.4736842105263,91.15789473684211,0.6971601247787476,0.7609418630599976,1.0
642,104.0,69.5208152801713,0.9901044855851933,0.6380368098159509,11.507254783503184,391.96153846153845,311.09615384615387,0.5840571522712708,0.8189609050750732,0.9671040177345276
643,130.0,42.97056274847714,0.7614781273499911,0.9154929577464789,12.865501965161373,388.32307692307694,73.63846153846154,0.5151851177215576,0.7414720058441162,0.9948869347572327
644,96.0,37.27817459305202,0.4990896246443901,0.9056603773584906,11.055812783082736,393.0625,24.364583333333332,0.4509332776069641,0.8234589099884033,1.0
645,14.0,10.82842712474619,0.2036532699906393,1.0,4.222008245644752,393.5,110.28571428571429,0.6949424147605896,0.6951535940170288,0.6953120231628418
646,37.0,22.242640687119284,0.7652298938232373,0.9024390243902439,6.863662517577698,392.5405405405405,125.5945945945946,0.718228280544281,0.8338720202445984,1.0
647,24.0,15.65685424949238,0.6125937884721167,0.9230769230769231,5.527906391541368,392.375,182.0,0.6781247854232788,0.8747971653938293,0.9651327729225159
648,37.0,21.899494936611667,0.6668893968199359,0.8809523809523809,6.863662517577698,394.2432432432432,221.43243243243242,0.742992639541626,0.8543956875801086,0.9357481598854065
649,275.0,86.07716446627536,0.9464589046217017,0.7768361581920904,18.712051592547777,395.4727272727273,293.32,0.6084519028663635,0.823946475982666,1.0
650,92.0,46.384776310850235,0.9157300509765647,0.7603305785123967,10.823032759612019,394.3369565217391,78.1195652173913,0.5724758505821228,0.7909679412841797,1.0
651,123.0,50.14213562373095,0.8792349435861277,0.917910447761194,12.514330345744634,394.8861788617886,2.959349593495935,0.6546540856361389,0.8280778527259827,1.0
652,53.0,25.485281374238568,0.5651951775208212,0.9137931034482759,8.214724333230155,395.41509433962267,12.20754716981132,0.6815129518508911,0.7381702661514282,0.8353970050811768
653,56.0,27.313708498984763,0.6811397513127092,0.9333333333333333,8.444016491289505,397.57142857142856,88.57142857142857,0.7475512623786926,0.8582462072372437,1.0
654,46.0,26.485281374238568,0.8882578439491536,0.9019607843137255,7.653039857325812,399.89130434782606,144.1304347826087,0.7471200823783875,0.7734620571136475,0.8694634437561035
655,46.0,25.31370849898476,0.782841016289168,0.9019607843137255,7.653039857325812,398.60869565217394,154.91304347826087,0.7065853476524353,0.8511754870414734,0.9678432941436768
656,18.0,13.621320343559644,0.927960727138337,0.9,4.787307364817192,396.6666666666667,165.0,0.49886035919189453,0.6959177851676941,0.9610669612884521
657,167.0,50.97056274847714,0.768461036761238,0.912568306010929,14.581872443920643,400.68263473053895,212.93413173652695,0.6499106884002686,0.8169058561325073,0.9582332372665405
658,29.0,19.31370849898476,0.8251510667689735,0.90625,6.076507779746499,399.1034482758621,255.75862068965517,0.6679603457450867,0.6953142285346985,0.7189059257507324
659,313.0,70.2842712474619,0.6711821246323727,0.9178885630498533,19.963065333312567,400.26198083067095,34.70926517571885,0.48931190371513367,0.8360515832901001,1.0
660,62.0,29.935028842544405,0.7983948633496921,0.8857142857142857,8.884866446580956,401.0,160.70967741935485,0.6751062870025635,0.8077790141105652,0.9050699472427368
661,189.0,68.7634559672906,0.7348077979407871,0.7745901639344263,15.512648837479231,396.3015873015873,235.58201058201058,0.6565638184547424,0.7970933318138123,0.9928540587425232
662,10.0,8.82842712474619,0.7905694150420949,1.0,3.5682482323055424,400.0,277.5,0.7249430418014526,0.7290087938308716,0.7330746054649353
663,79.0,45.89949493661166,0.9814850268254317,0.9080459770114943,10.02925341359355,400.0126582278481,302.75949367088606,0.6268095970153809,0.8711446523666382,1.0
664,59.0,28.72792206135785,0.7184519432331974,0.9076923076923077,8.667244841319219,399.08474576271186,132.05084745762713,0.6587198972702026,0.8301587700843811,0.996057391166687
665,163.0,55.55634918610404,0.7574761129329207,0.8358974358974359,14.406180819073164,398.50306748466255,173.45398773006136,0.6582886576652527,0.7733784317970276,0.9959341883659363
666,42.0,24.14213562373095,0.8559858142583711,0.8936170212765957,7.312732791431452,400.4761904761905,261.73809523809524,0.7011026740074158,0.7482978701591492,0.9672272801399231
667,47.0,23.899494936611667,0.6682629627276083,1.0,7.735777827895049,403.78723404255317,12.27659574468085,0.7834658026695251,0.863527238368988,1.0
668,230.0,61.834523779156065,0.7926399973470459,0.8914728682170543,17.112717355495807,402.7608695652174,187.95217391304348,0.5148770809173584,0.7753209471702576,0.9953181743621826
669,20.0,14.485281374238571,0.5881427970191717,0.9090909090909091,5.046265044040321,405.25,49.0,0.6991313695907593,0.7937319278717041,0.8228916525840759
670,156.0,49.55634918610405,0.5331533116880146,0.8813559322033898,14.093451279891855,408.37179487179486,202.3846153846154,0.6595207452774048,0.7942514419555664,0.9685825109481812
671,130.0,48.72792206135785,0.934707103616324,0.935251798561151,12.865501965161373,405.60769230769233,234.26153846153846,0.5810386538505554,0.8064422607421875,0.9858313202857971
672,27.0,17.071067811865476,0.7284222206285939,0.9642857142857143,5.863230142835039,408.85185185185185,45.629629629629626,0.8063204288482666,0.8188213109970093,0.8382923603057861
673,48.0,23.071067811865476,0.4434835041954057,0.9795918367346939,7.817640190446719,408.8958333333333,155.95833333333334,0.7091726660728455,0.7891537547111511,0.8586829304695129
674,30.0,20.65685424949238,0.7351566511284622,0.8571428571428571,6.180387232371033,410.23333333333335,214.33333333333334,0.6601367592811584,0.7242284417152405,0.8013921976089478
675,20.0,15.414213562373096,0.9103928087251936,1.0,5.046265044040321,412.15,8.05,0.860407829284668,0.8866477012634277,0.9353785514831543
676,639.0,118.87005768508881,0.8568454436161425,0.8924581005586593,28.523675588636344,406.3489827856025,107.12206572769954,0.4652867615222931,0.8390506505966187,1.0
677,148.0,55.071067811865476,0.9560510994849329,0.9673202614379085,13.727325035155395,412.27702702702703,27.4527027027027,0.6297048926353455,0.9116027355194092,1.0
678,112.0,43.31370849898476,0.5502207702888239,0.875,11.941642642883693,410.13392857142856,55.57142857142857,0.6685763597488403,0.7826374769210815,1.0
679,424.0,100.04163056034261,0.6821032873641327,0.8833333333333333,23.23474912642073,406.5683962264151,72.96698113207547,0.6324154734611511,0.8315675854682922,1.0
680,225.0,70.72792206135786,0.8459136192100898,0.8364312267657993,16.925687506432688,409.91555555555556,138.92444444444445,0.39838600158691406,0.7806944847106934,0.9634078741073608
681,117.0,44.970562748477136,0.7958399911425158,0.8863636363636364,12.205286835384658,411.0940170940171,171.36752136752136,0.6781247854232788,0.7891322374343872,0.9962422251701355
682,30.0,22.0,0.9587449708822046,1.0,6.180387232371033,414.0,185.5,0.6552700996398926,0.6974331736564636,0.7936302423477173
683,163.0,63.31370849898476,0.9439396390069069,0.8316326530612245,14.406180819073164,412.03067484662574,230.13496932515338,0.6057413816452026,0.7518359422683716,0.9194849729537964
684,40.0,25.071067811865476,0.6986677859212096,0.851063829787234,7.136496464611085,412.975,247.65,0.676707923412323,0.8265708684921265,0.9656871557235718
685,98.0,38.48528137423857,0.5264985107699085,0.8909090909090909,11.170383851240114,410.8469387755102,259.2755102040816,0.6538532376289368,0.7755373120307922,0.9660568237304688
686,252.0,69.31370849898475,0.8293137443410822,0.8904593639575972,17.91246396432554,409.8015873015873,275.8412698412698,0.6418406963348389,0.8124856948852539,1.0
687,668.0,137.8700576850888,0.936184706766211,0.8466413181242078,29.163744887841286,408.41616766467064,312.75,0.5600320100784302,0.8242297172546387,1.0
688,1266.0,157.21320343559643,0.744814868050389,0.9412639405204462,40.14873925336531,401.31042654028437,394.1785150078989,0.67664635181427,0.9415096044540405,0.9955645799636841
